"date","sp500_top25","sp500_all","nasdaq100_top25","nasdaq100_all"
"2021-09-27","10000","10000","10000","10000"
"2021-10-04","10149","10096","10080","10056"
"2021-10-11","10304","10290","10311","10287"
"2021-10-18","10491","10486","10528","10467"
"2021-10-25","10480","10477","10742","10587"
"2021-11-01","11196","10724","11226","10991"
"2021-11-08","11274","10747","11443","11054"
"2021-11-15","11096","10632","11406","10977"
"2021-11-22","10905","10412","11141","10594"
"2021-11-29","10805","10274","11166","10397"
"2021-12-06","11206","10599","11520","10693"
"2021-12-13","11088","10454","11248","10466"
"2021-12-20","11551","10678","11747","10829"
"2021-12-27","11726","10835","11808","10869"
"2022-01-03","11664","10694","11281","10357"
"2022-01-10","11755","10681","11363","10350"
"2022-01-17","10818","10101","10275","9621"
"2022-01-24","10785","10107","10203","9532"
"2022-01-31","11074","10268","10601","9766"
"2022-02-07","11218","10226","10457","9655"
"2022-02-14","11183","10095","10310","9496"
"2022-02-21","11160","10188","10399","9601"
"2022-02-28","10960","10127","10138","9428"
"2022-03-07","10929","9871","9786","9055"
"2022-03-14","11517","10381","10547","9761"
"2022-03-21","11764","10531","10812","9888"
"2022-03-28","11719","10544","10738","9965"
"2022-04-04","11501","10457","10502","9716"
"2022-04-11","11428","10384","10283","9559"
"2022-04-18","11173","10152","9990","9222"
"2022-04-25","10989","9820","9665","8929"
"2022-05-02","11361","9799","9596","8772"
"2022-05-09","11079","9612","9476","8649"
"2022-05-16","10876","9392","9049","8388"
"2022-05-23","11653","10012","9878","8952"
"2022-05-30","11528","9881","9720","8857"
"2022-06-06","11138","9401","9120","8396"
"2022-06-13","10044","8725","8542","7883"
"2022-06-20","10427","9200","9140","8426"
"2022-06-27","10099","9076","8621","8127"
"2022-07-04","10297","9137","9059","8380"
"2022-07-11","10329","9061","9057","8290"
"2022-07-18","10597","9337","9253","8558"
"2022-07-25","11356","9748","9682","8907"
"2022-08-01","11277","9755","9915","9132"
"2022-08-08","11874","10149","10136","9387"
"2022-08-15","11779","10043","9873","9142"
"2022-08-22","11476","9741","9496","8792"
"2022-08-29","11027","9435","9087","8487"
"2022-09-05","11424","9809","9537","8889"
"2022-09-12","10800","9356","8976","8410"
"2022-09-19","10276","8849","8504","7982"
"2022-09-26","10225","8653","8391","7838"
"2022-10-03","10673","8870","8543","8001"
"2022-10-10","10444","8711","8161","7714"
"2022-10-17","11154","9087","8638","8104"
"2022-10-24","11744","9593","9105","8489"
"2022-10-31","11884","9488","8780","8207"
"2022-11-07","12085","9951","9479","8819"
"2022-11-14","12150","9884","9425","8736"
"2022-11-21","12384","10072","9550","8843"
"2022-11-28","12357","10154","9526","9008"
"2022-12-05","11901","9814","9234","8727"
"2022-12-12","11770","9641","8964","8532"
"2022-12-19","11877","9676","8744","8422"
"2022-12-26","11840","9648","8734","8419"
"2023-01-02","12050","9854","8902","8598"
"2023-01-09","12469","10084","9175","8865"
"2023-01-16","12409","9959","9212","8827"
"2023-01-23","12789","10155","9630","9139"
"2023-01-30","12756","10272","9803","9281"
"2023-02-06","12888","10191","9684","9167"
"2023-02-13","12850","10187","9699","9234"
"2023-02-20","12883","9955","9464","8969"
"2023-02-27","13140","10126","9627","9184"
"2023-03-06","12649","9572","9316","8781"
"2023-03-13","12553","9446","9645","8985"
"2023-03-20","12763","9539","9774","9071"
"2023-03-27","13380","9943","10108","9417"
"2023-04-03","12956","9828","9892","9256"
"2023-04-10","13193","9954","10022","9339"
"2023-04-17","12961","9961","9981","9341"
"2023-04-24","13149","9974","10018","9351"
"2023-05-01","12923","9888","10092","9340"
"2023-05-08","13061","9822","10295","9344"
"2023-05-15","13469","9906","10782","9587"
"2023-05-22","13945","9840","11445","9758"
"2023-05-29","14076","10016","11447","9863"
"2023-06-05","14179","10127","11503","9879"
"2023-06-12","14610","10362","11842","10196"
"2023-06-19","14401","10152","11545","9984"
"2023-06-26","15013","10501","11869","10257"
"2023-07-03","14872","10415","11627","10106"
"2023-07-10","15102","10671","12048","10501"
"2023-07-17","15336","10812","12032","10524"
"2023-07-24","15516","10856","12448","10704"
"2023-07-31","15752","10719","12242","10442"
"2023-08-07","15996","10692","12028","10382"
"2023-08-14","15766","10431","11881","10158"
"2023-08-21","15970","10452","12039","10279"
"2023-08-28","16648","10703","12590","10635"
"2023-09-04","16577","10553","12371","10539"
"2023-09-11","16308","10502","12191","10449"
"2023-09-18","16047","10234","11941","10188"
"2023-09-25","16162","10196","12041","10196"
"2023-10-02","16070","10118","12293","10268"
"2023-10-09","16205","10166","12505","10333"
"2023-10-16","15687","9915","12053","10064"
"2023-10-23","15573","9717","11765","9836"
"2023-10-30","16498","10280","12569","10458"
"2023-11-06","16759","10271","13082","10691"
"2023-11-13","17058","10552","13142","10923"
"2023-11-20","17183","10662","13258","11019"
"2023-11-27","17107","10846","13267","11150"
"2023-12-04","17124","10820","13185","11108"
"2023-12-11","17765","11192","14034","11601"
"2023-12-18","18015","11266","14104","11666"
"2023-12-25","18048","11313","14136","11715"
"2024-01-01","17911","11171","13711","11400"
"2024-01-08","18437","11289","14342","11679"
"2024-01-15","18701","11373","15089","11972"
"2024-01-22","19030","11506","15222","12054"
"2024-01-29","19809","11689","15422","12158"
"2024-02-05","20396","11903","16020","12451"
"2024-02-12","20665","11995","15949","12368"
"2024-02-19","21439","12195","16064","12471"
"2024-02-26","22938","12454","17078","12911"
"2024-03-04","23130","12661","16952","12839"
"2024-03-11","22837","12561","16559","12738"
"2024-03-18","24109","12785","17339","13064"
"2024-03-25","24153","12953","17362","13105"
"2024-04-01","24957","12808","17314","12952"
"2024-04-08","23962","12440","17229","12771"
"2024-04-15","22642","12093","16089","12145"
"2024-04-22","23924","12439","17124","12610"
"2024-04-29","24143","12421","17135","12671"
"2024-05-06","25272","12735","17694","12872"
"2024-05-13","25564","12914","18157","13147"
"2024-05-20","26589","12879","18778","13309"
"2024-05-27","26121","12757","18340","13201"
"2024-06-03","25777","12641","18785","13368"
"2024-06-10","26628","12713","19908","13687"
"2024-06-17","26727","12874","19824","13784"
"2024-06-24","26291","12762","19613","13742"
"2024-07-01","26599","12781","20172","13994"
"2024-07-08","27036","13122","20345","14142"
"2024-07-15","25471","12939","18978","13712"
"2024-07-22","25277","12948","18450","13454"
"2024-07-29","24359","12612","17385","12949"
"2024-08-05","24948","12635","17896","13180"
"2024-08-12","26472","13052","19103","13764"
"2024-08-19","27016","13300","19414","13985"
"2024-08-26","27023","13310","19289","13894"
"2024-09-02","24470","12741","17650","13074"
"2024-09-09","26561","13231","19271","13830"
"2024-09-16","27991","13513","19965","14102"
"2024-09-23","28479","13641","20342","14309"
"2024-09-30","29521","13715","20844","14438"
"2024-10-07","30063","13893","21272","14750"
"2024-10-14","30170","14012","21184","14722"
"2024-10-21","29297","13724","21192","14642"
"2024-10-28","29042","13472","20722","14425"
"2024-11-04","32054","14252","22711","15474"
"2024-11-11","31007","13967","21670","15055"
"2024-11-18","32697","14515","22431","15662"
"2024-11-25","32502","14626","22636","15729"
"2024-12-02","32590","14578","23651","16015"
"2024-12-09","31673","14216","23271","15787"
"2024-12-16","30880","13772","22625","15262"
"2024-12-23","31129","13808","22834","15287"
"2024-12-30","32249","13868","23233","15370"
"2025-01-06","32114","13653","23054","15106"
"2025-01-13","33818","14226","24012","15786"
"2025-01-20","35667","14504","24887","16082"
"2025-01-27","32510","14232","23940","15867"
"2025-02-03","33334","14319","24817","16175"
"2025-02-10","33005","14427","26198","16700"
"2025-02-17","31626","14156","24713","16084"
"2025-02-24","30657","14030","23016","15481"
"2025-03-03","28230","13538","21524","14944"
"2025-03-10","28816","13333","21661","14760"
"2025-03-17","29437","13455","21736","14906"
"2025-03-24","28038","13249","20701","14537"
"2025-03-31","24218","12032","18197","13159"
"2025-04-07","26759","12626","20383","14112"
"2025-04-14","26895","12654","20026","14062"
"2025-04-21","29179","13138","21693","14875"
"2025-04-28","30809","13545","22816","15462"
"2025-05-05","30899","13577","22791","15496"
"2025-05-12","33835","14327","24704","16407"
"2025-05-19","33348","13883","24315","16046"
"2025-05-26","33927","14053","25154","16321"
"2025-06-02","35491","14280","25754","16664"
"2025-06-09","35366","14148","25636","16646"
"2025-06-16","36146","14230","25643","16594"
"2025-06-23","38238","14624","26637","17123"
"2025-06-30","38704","14917","26999","17420"
"2025-07-07","39116","14849","27158","17309"
"2025-07-14","39831","14944","27756","17523"
"2025-07-21","40977","15230","28159","17714"
"2025-07-28","40936","14900","28007","17415"
"2025-08-04","41438","15017","29423","17946"
"2025-08-11","40912","15113","28968","17896"
"2025-08-18","40782","15283","28391","17854"
"2025-08-25","41168","15292","28501","17759"
"2025-09-01","41945","15318","29129","17918"
"2025-09-08","43939","15580","31108","18366"
"2025-09-15","45038","15720","32268","18825"
"2025-09-22","45027","15718","32257","18685"
"2025-09-29","45968","15980","33597","19201"
"2025-10-06","45157","15536","32336","18567"
"2025-10-13","46217","15792","33730","19053"
"2025-10-20","48527","16103","34619","19432"
"2025-10-27","49513","16028","35829","19701"
"2025-11-03","49316","15914","34975","19167"
"2025-11-10","48068","15725","34211","18880"
"2025-11-17","46266","15424","32619","18267"
"2025-11-24","49659","16070","35272","19262"
"2025-12-01","49199","16127","36235","19645"
"2025-12-08","48836","16129","35506","19349"
"2025-12-15","48911","16107","36190","19432"
"2025-12-22","49889","16286","36678","19600"
"2025-12-29","50601","16218","35968","19256"
"2026-01-05","50555","16529","37030","19811"
"2026-01-12","52765","16717","37107","19664"
"2026-01-19","52636","16641","36953","19631"
"2026-01-26","53749","16627","36844","19428"
"2026-02-02","56416","17020","36298","19099"
"2026-02-09","58230","17151","36556","19136"
"2026-02-16","60110","17383","36952","19377"
"2026-02-23","59600","17438","36876","19447"
"2026-03-02","55896","16772","36051","19069"
"2026-03-09","57500","16566","36479","18860"
"2026-03-16","57092","16302","36208","18644"
"2026-03-23","56647","16209","34523","18078"
"2026-03-30","58843","16651","35924","18688"
"2026-04-06","63693","17241","38644","19490"
"2026-04-13","66385","17865","41391","20599"
"2026-04-20","68372","17965","43004","21119"
"2026-04-27","71114","18160","43926","21430"
"2026-05-04","74923","18419","47389","22369"
"2026-05-11","75404","18354","47358","22216"
"2026-05-18","75189","18667","48179","22661"
"2026-05-25","78718","18961","51854","23636"
"2026-06-01","76826","18719","49372","22734"
"2026-06-08","79941","19056","52225","23581"
"2026-06-15","84311","19254","56487","24568"
"2026-06-22","80401","19089","52593","23464"
"2026-06-29","76968","18998","51269","23382"
"2026-07-06","79892","19120","52451","23752"
"2026-07-13","74868","18624","48540","22531"
"2026-07-20","77499","18794","49241","22583"
"2026-07-27","76380","18707","48360","22525"
"2026-08-03","77709","19231","49806","23339"
"2026-08-04","77709","19231","49806","23339"
"2026-08-10","81984","19657","51866","23903"
"2026-08-17","77468","19138","49616","23295"
"2026-08-24","76385","18994","49375","23188"
"2026-08-31","78793","19059","50142","23182"
"2026-09-07","79046","18891","49161","22742"
"2026-09-14","78604","18663","49828","22798"
"2026-09-21","79707","18793","52037","23549"
"2026-09-25","79707","18793","52037","23549"
