"pool","sector","tickers","avg_cumulative_return","avg_weekly_volatility","avg_risk_adjusted_score","top5_by_score"
"Nasdaq 100","Information Technology","38","2.5524","0.06292","0.08","MU|STX|NVDA|WDC|AVGO"
"Nasdaq 100","Industrials","13","0.4509","0.03865","0.0485","CTAS|PCAR|FAST|AXON|FER"
"Nasdaq 100","Consumer Discretionary","11","0.4344","0.05601","0.0563","ORLY|MAR|ROST|BKNG|AMZN"
"Nasdaq 100","Communication Services","10","0.6862","0.05638","0.0384","GOOGL|GOOG|APP|META|TMUS"
"Nasdaq 100","Health Care","9","0.8596","0.05552","0.0628","VRTX|GILD|AMGN|INSM|REGN"
"Nasdaq 100","Consumer Staples","8","0.4569","0.03029","0.048","WMT|COST|CCEP|MNST|MDLZ"
"Nasdaq 100","Utilities","4","1.4013","0.0383","0.0682","CEG|AEP|EXC|XEL"
"Nasdaq 100","Energy","2","1.0924","0.05128","0.081","BKR|FANG"
"Nasdaq 100","Financials","1","-0.792","0.05898","-0.0717","PYPL"
"Nasdaq 100","Materials","1","0.5776","0.02701","0.0782","LIN"
"Nasdaq 100","Real Estate","1","-0.68","0.05087","-0.0602","CSGP"
"S&P 500","Industrials","79","1.337","0.04178","0.0656","FIX|HWM|EME|PWR|GE"
"S&P 500","Financials","76","0.5019","0.04122","0.0544","IBKR|BNY|TRV|ACGL|AFL"
"S&P 500","Information Technology","72","2.4868","0.05739","0.0777","MU|STX|NVDA|ANET|FLEX"
"S&P 500","Health Care","58","0.3055","0.0443","0.0352","MCK|CAH|LLY|COR|VRTX"
"S&P 500","Consumer Discretionary","47","0.3659","0.05009","0.0413","RL|HLT|TPR|ORLY|TJX"
"S&P 500","Consumer Staples","32","0.1203","0.03484","0.0174","CASY|WMT|COST|PM|KO"
"S&P 500","Utilities","31","0.6205","0.03268","0.0472","VST|CEG|ETR|ATO|NRG"
"S&P 500","Real Estate","30","-0.0312","0.03608","0.001","WELL|IRM|VTR|SPG|CBRE"
"S&P 500","Materials","25","0.3344","0.04431","0.0341","STLD|NUE|NEM|FCX|CTVA"
"S&P 500","Communication Services","22","0.5863","0.0513","0.0399","TKO|GOOGL|GOOG|APP|ECHO"
"S&P 500","Energy","21","1.541","0.04906","0.0915","MPC|TRGP|VLO|PSX|WMB"
