"Ticker","Company","Sector","IndexMembership","Weeks","MeanWeeklyReturn","StdevWeeklyReturn","RiskAdjustedScore","CumulativeReturn"
"FIX","Comfort Systems USA","Industrials","S&P 500","262","0.01372","0.05943","0.2309","21.3995"
"HWM","Howmet Aerospace","Industrials","S&P 500","262","0.00849","0.04317","0.1967","6.1687"
"MCK","McKesson Corporation","Health Care","S&P 500","262","0.00619","0.03346","0.1851","3.3328"
"EME","Emcor","Industrials","S&P 500","262","0.00813","0.04409","0.1844","5.4528"
"CAH","Cardinal Health","Health Care","S&P 500","262","0.00628","0.03443","0.1823","3.4035"
"MU","Micron Technology","Information Technology","Both","262","0.01342","0.0773","0.1736","14.2455"
"PWR","Quanta Services","Industrials","S&P 500","262","0.00755","0.04395","0.1719","4.5638"
"STX","Seagate Technology","Information Technology","Both","262","0.01138","0.06642","0.1713","9.8616"
"NVDA","Nvidia","Information Technology","Both","262","0.01134","0.0663","0.171","9.8509"
"MPC","Marathon Petroleum","Energy","S&P 500","262","0.00815","0.04774","0.1708","5.1913"
"TRGP","Targa Resources","Energy","S&P 500","262","0.00753","0.0444","0.1695","4.4725"
"IBKR","Interactive Brokers","Financials","S&P 500","262","0.00765","0.04662","0.1641","4.5325"
"GE","GE Aerospace","Industrials","S&P 500","262","0.00713","0.04395","0.1622","3.9613"
"ANET","Arista Networks","Information Technology","S&P 500","262","0.01084","0.06713","0.1615","8.4294"
"VST","Vistra Corp.","Utilities","S&P 500","262","0.01","0.06207","0.1611","7.2172"
"LLY","Lilly (Eli)","Health Care","S&P 500","262","0.00737","0.04634","0.1591","4.1547"
"FLEX","Flex Ltd.","Information Technology","S&P 500","262","0.00999","0.06278","0.159","7.3478"
"WDC","Western Digital","Information Technology","Both","262","0.01192","0.07543","0.1581","9.5861"
"APH","Amphenol","Information Technology","S&P 500","262","0.00667","0.04223","0.1579","3.5082"
"DELL","Dell Technologies","Information Technology","S&P 500","262","0.01171","0.07506","0.156","9.499"
"LITE","Lumentum","Information Technology","S&P 500","262","0.01227","0.07954","0.1542","10.0302"
"AVGO","Broadcom","Information Technology","Both","262","0.00947","0.06203","0.1526","6.2394"
"VLO","Valero Energy","Energy","S&P 500","262","0.00771","0.05126","0.1503","4.2592"
"CAT","Caterpillar Inc.","Industrials","S&P 500","262","0.00646","0.04307","0.15","3.2278"
"JBL","Jabil","Information Technology","S&P 500","262","0.0078","0.05238","0.149","4.3323"
