"date","FIX","HWM","MCK","EME","CAH","MU","PWR","STX","NVDA","MPC","TRGP","IBKR","GE","ANET","VST","LLY","FLEX","WDC","APH","DELL","LITE","AVGO","VLO","CAT","JBL","CEG","KLAC","LRCX","PANW","AMD","PLTR","VRTX","WMT","AMAT","CRWD","MRVL","GILD","AAPL","ORLY","MAR","COST","GOOGL","GOOG","CTAS","APP"
"2021-09-27","10000","10000","10000","10000","10000","10000","10000","10000","10000","10000","10000","10000","10000","10000","10000","10000","10000","10000","10000","10000","10000","10000","10000","10000","10000","10000","10000","10000","10000","10000","10000","10000","10000","10000","10000","10000","10000","10000","10000","10000","10000","10000","10000","10000","10000"
"2021-10-04","10594","9756","10009","10008","9740","9877","9666","9469","10043","10252","10382","11107","9896","10612","10623","10189","10280","9912","10151","9932","9858","10113","10676","10043","10540","10000","9732","9657","10129","10255","9659","9922","10190","9775","9829","10801","9926","10018","10096","10072","10079","10237","10263","10400","11546"
"2021-10-11","10853","9661","10207","9840","9706","9534","9629","9713","10540","10510","10973","11018","9867","11121","11680","10361","10444","9706","10330","10182","9979","10326","10685","10241","10498","10000","9823","9908","10439","10944","9864","10079","10255","10191","10956","10973","9864","10154","10406","10261","10091","10353","10382","10741","12281"
"2021-10-18","11364","9393","10453","10255","9912","9510","10119","10334","10957","10623","11071","11544","9833","11142","11341","10617","10241","9993","10629","10828","9845","10576","11001","10325","10374","10000","10239","9772","10362","11695","10041","10176","10824","10527","11369","11083","9807","10423","10978","9922","10751","10075","10158","11020","12604"
"2021-10-25","12351","9155","10393","10285","9560","9734","10395","10552","12326","10373","10768","10981","9910","11689","11626","11096","9270","9159","10290","10398","9673","10909","10504","10498","10094","10000","11127","9892","10464","11735","10637","10254","10903","10582","11305","11449","9463","10501","10296","10260","10964","10842","10865","11182","13139"
"2021-11-01","13370","10299","11083","11196","9906","10272","10064","11462","14344","10354","11164","11441","10276","15138","12166","11542","9995","9841","10915","10512","10934","11469","10584","10594","10981","10000","12439","10720","10149","13308","10686","10693","10962","11871","10969","12011","9673","10605","10557","10746","11445","10901","10936","11410","13168"
"2021-11-08","13488","9858","11240","11013","10286","10889","10027","12809","14651","10352","10680","11378","10167","15002","11662","11309","10411","10608","11261","10445","10753","11557","10402","10769","10822","10000","12336","10960","10589","14435","9383","10385","10781","12144","11405","12281","9842","10515","10737","10033","11535","10889","10966","11324","15025"
"2021-11-15","13746","9306","11044","10957","9686","11696","10376","11939","15903","9484","10548","11556","9446","14718","11899","11355","9753","9813","11411","10262","10682","11670","9382","10314","10460","10000","12608","11312","10901","15169","8800","10140","10390","11619","10335","12465","10019","11255","10525","9933","11906","10907","10989","11516","13342"
"2021-11-22","13272","8865","11079","10381","9518","11751","10075","11683","15188","9652","10729","11520","9246","14263","11964","11341","9632","10117","10940","10479","10170","11216","9238","10226","10082","10000","11909","11268","10961","15111","8644","10180","10573","11097","9333","12032","10249","10993","10518","9453","12181","10413","10465","11058","12130"
"2021-11-29","12768","8961","10932","10483","9402","11497","9652","12488","14798","9703","10093","11610","8767","13832","12291","10696","9139","10075","10946","10908","10062","11452","9469","10179","9931","10000","11960","11610","10706","14057","7801","11301","10034","11293","7905","13971","10146","11345","10906","9616","11798","10400","10444","11031","12507"
"2021-12-06","13076","9516","11653","10675","9696","12050","9802","12310","14559","10020","10284","11815","9162","14916","12475","10634","9484","10137","11295","10744","11784","12962","9624","10470","11010","10000","12259","12391","10932","13524","7785","11536","10290","11828","7967","14879","10246","12580","11289","10310","12464","10839","10895","11836","12125"
"2021-12-13","12825","9238","11653","10286","9928","11692","9331","12381","13403","9825","9805","11956","8642","15411","12599","11648","9402","9958","11055","10193","12205","13029","9330","10362","11040","10000","11687","11745","10897","13446","7834","11896","10124","11318","8228","14045","10532","11997","11185","9629","12214","10380","10465","11322","11785"
"2021-12-20","13346","9599","12038","10629","10148","13300","9589","13200","14290","9918","10008","12399","8883","16189","13074","11895","9748","10720","11401","10423","12240","13641","9743","10611","11753","10000","12559","12264","11547","14265","7781","12390","10178","12041","8486","14655","10572","12358","11240","10591","12276","10760","10783","11231","12543"
"2021-12-27","13359","9815","12427","10785","10296","13122","9828","13385","14179","10068","10290","12309","8927","16406","13513","12031","10055","11422","11722","10477","12390","13654","10202","10639","11843","10000","12838","12623","11444","14046","7485","12176","10557","12186","8214","14623","10591","12448","11684","10594","12663","10609","10602","11442","12605"
"2022-01-03","12945","10487","12487","10631","10846","13305","9145","13145","13136","11160","11012","11970","9582","14777","13478","11303","9578","11531","11007","10816","12335","12704","11002","11537","11680","10000","12444","11747","10801","12884","6806","12301","10572","11679","7582","13891","10394","12069","11287","10685","11959","10035","10040","10261","10758"
"2022-01-10","13089","10814","12825","10553","10616","13715","9140","12937","12989","11759","11381","11586","9749","14807","13407","10633","10022","11673","10938","11290","12459","12237","11573","11781","11906","10000","13283","12810","10259","13361","6580","12978","10584","12933","7089","13873","10468","12132","11231","10438","11219","10215","10244","10262","10566"
"2022-01-17","11912","10062","12330","9903","10110","11541","8423","11316","11269","11123","10922","10742","9100","13539","12890","10587","9002","10126","10324","10365","11420","10941","10770","11017","10727","10000","11135","10633","9941","11597","5561","12647","10229","10459","6608","12126","9993","11385","10521","10065","10742","9547","9533","9798","9159"
"2022-01-24","11800","9485","12909","9980","10524","11166","8443","12679","11011","11296","11414","10209","8703","13717","12861","10676","8832","8741","10335","10490","11406","11493","11058","10351","10054","10389","10944","9849","10199","10272","5224","13475","10034","10257","6776","11085","10044","11940","10647","10219","10984","9766","9767","9974","8143"
"2022-01-31","11419","9923","13277","9847","10390","11434","8567","12880","11725","12302","12027","11310","9356","13960","12955","10552","9440","9075","10556","10956","10589","12110","11777","10210","10205","11142","11264","10164","10596","12064","5319","13416","10166","10499","7109","11884","9320","12085","10695","10434","11593","10494","10480","9858","9214"
"2022-02-07","11720","10589","13558","9748","10508","12644","8563","12879","11546","12774","12618","11331","9150","13801","12944","10268","9364","9411","10076","11100","11047","11766","12497","10356","10192","10687","11021","9829","10486","11047","5397","12969","9874","10260","7296","11364","9053","11822","11056","10892","11368","9834","9829","9696","9402"
"2022-02-14","11912","10657","13539","9780","10834","12791","8757","12871","11398","12118","12230","10874","8759","14371","12730","10467","9358","9727","10217","10986","11606","11901","11779","9878","10027","10091","10695","10005","9911","11111","4529","12731","10069","10327","6617","11255","8905","11728","11200","11215","11435","9550","9561","9593","8528"
"2022-02-21","11623","11024","13768","9901","10838","12692","9275","12427","11646","12042","12555","10623","9107","14095","12997","10926","9194","9275","10300","9598","11879","12065","11528","9626","9993","9758","10675","10061","11711","11816","4714","12770","9951","10510","7291","11491","8915","11556","10832","11180","11543","9847","9858","9742","7649"
"2022-02-28","11477","10438","14090","9728","10798","11538","9357","12224","11058","12229","13695","9095","8424","13530","13359","11450","8673","8805","10217","9692","10932","12229","11679","10068","9224","11333","9913","9229","11459","10582","4505","13233","10421","9737","7182","10598","9023","11438","11152","10212","11721","9660","9682","9784","6721"
"2022-03-07","12258","10401","14060","9878","10512","10258","10570","10346","10655","12352","13494","9442","8720","13685","13312","11599","8744","7935","9866","9701","10711","11857","12452","11055","9367","10960","9649","8485","11223","10180","4681","13112","10366","9575","7644","10545","8460","10847","11169","10364","11764","9511","9561","9535","5957"
"2022-03-14","12467","11018","14951","10127","11456","11186","10848","11174","12753","12322","13642","10339","9033","14979","13300","12528","9364","8635","10285","9667","11128","12525","12283","11368","10554","10891","10896","9560","11860","11075","5269","13811","10612","10465","8347","11922","8667","11495","11415","10976","12521","9969","10025","10337","7281"
"2022-03-21","11894","11409","15522","9780","11590","11002","11511","10771","13351","12937","14901","10229","8885","15795","13496","12589","9490","8900","10142","10219","11577","12904","13210","11494","10513","11956","10938","9738","12793","11681","5331","14081","10467","10614","8904","12430","8592","12248","11637","10997","12395","10376","10371","10671","7146"
"2022-03-28","12170","11200","15348","9639","11518","10731","11281","10594","12878","13343","15233","10349","8740","15919","13911","12748","10154","8476","10129","9102","11187","12865","13756","11309","10404","12893","10754","9223","12561","10560","5684","14757","11019","9867","9141","11879","8703","12219","11042","11135","12838","10264","10311","10944","7124"
"2022-04-04","11746","10644","16290","9599","12378","10162","11485","10075","11146","13672","15220","10054","8480","14954","14546","13576","9248","8268","9822","8839","10392","12045","14021","11168","9684","14227","10185","8629","12502","9858","5220","15541","11486","9290","8754","10555","9087","11924","12184","10506","13384","9762","9820","11079","6856"
"2022-04-11","11959","10940","16161","9892","12589","9879","11583","9645","10249","13719","15489","10119","8583","14446","14261","13148","9369","8117","9433","8755","10033","11775","14243","11723","9588","13900","9596","8007","12883","9083","5105","15967","11462","8779","9436","10191","9017","11587","11811","11573","13169","9281","9325","10680","6547"
"2022-04-18","11699","10780","15907","9639","12312","9777","10332","9764","9408","13700","15003","9454","8417","13433","15045","12140","9067","8664","9307","8742","9893","12044","13998","11131","9673","13873","9679","8129","11749","8603","4916","14994","11445","8735","8249","9768","9080","11342","11710","11508","12752","8762","8765","10534","5511"
"2022-04-25","11399","10521","15479","9015","11608","9606","9941","9719","8942","13729","14459","9231","7045","13190","14849","12724","9046","9296","9583","8768","9513","11376","15143","10834","9719","13158","9530","8175","11537","8347","4275","15149","11163","8546","7974","9708","8655","11052","10035","11382","11860","8357","8425","10257","5102"
"2022-05-02","11506","10802","16698","8976","11652","9910","10079","9788","9003","15091","14865","8517","7393","12666","15798","12932","9298","10413","9438","8502","10426","11903","17547","11046","9779","13393","9890","8394","10377","9306","3896","14080","10913","8712","6612","9652","8924","11026","10066","11061","11227","8477","8476","9913","4480"
"2022-05-09","11356","10419","16210","8662","11120","10131","9649","9562","8536","15085","14040","8543","7092","12400","14588","12702","8919","10238","9445","8410","10552","12070","16938","10515","9793","12136","10042","8634","10092","9285","3428","13680","10803","8663","6270","9622","9097","10313","10516","10669","11092","8499","8538","9707","5277"
"2022-05-16","11136","10225","16141","8679","11158","9706","9685","9492","8048","15192","13677","8771","7111","11714","14973","13017","8667","9951","9172","7470","10200","11146","16705","10180","9672","12589","10014","8322","9839","9126","3321","14338","8698","8244","5967","9037","9312","9645","9473","9953","9288","7976","8010","9388","5353"
"2022-05-23","12368","11110","16746","9118","11538","10328","10586","10445","9069","16064","14343","9484","7443","12083","15614","14089","9408","10904","9560","9248","10307","11968","17904","11174","10434","14800","11082","9321","10417","9981","3637","15178","9375","9253","6692","10165","9452","10490","10710","11064","10500","8226","8266","10248","5388"
"2022-05-30","12328","11295","15817","9053","10762","9852","11067","9799","9025","16617","15235","9318","7274","11775","15341","13139","9347","10524","9500","9516","9840","11559","18394","11470","10345","14482","10818","9021","10536","10376","3674","14940","9144","8903","6503","9855","9255","10191","10450","11198","10623","8389","8395","10226","5273"
"2022-06-06","12044","10478","15665","8859","10690","8821","10851","9550","8183","17045","14266","8751","6731","10838","15098","12937","8980","9464","9054","9169","9713","11106","19086","11073","9993","13287","9959","8327","10179","9255","3395","14133","8880","7890","6793","8870","8859","9613","10050","10250","10334","8141","8165","9676","4829"
"2022-06-13","10171","9719","15027","8149","10138","7853","9758","8612","7656","13733","11946","8662","6237","10379","13306","12670","8223","8119","8431","8876","8981","10232","15273","9913","9025","12911","9311","7362","9771","7962","3387","14588","8631","6957","6575","7695","8537","9223","9707","9311","9963","7847","7904","8968","4480"
"2022-06-20","11210","9923","16076","8943","10888","8232","10798","8785","8257","13480","11452","9038","6339","11392","13881","14183","8420","8245","8826","9373","9626","10446","14117","9545","9205","13173","10134","7902","10497","8500","4188","16221","9027","7540","7421","8060","9201","9931","10573","8937","10804","8640","8686","9790","5300"
"2022-06-27","11365","9806","16475","8722","10618","7557","10812","8185","7002","13291","12015","8650","6005","10661","13858","14143","7817","7606","8544","7972","9116","9805","14667","9175","8601","12800","8843","6930","10447","7191","3810","15931","8948","6681","7191","7112","9096","9739","10523","8924","10835","7964","7993","9726","4678"
"2022-07-04","11614","10096","16558","8691","10582","8331","11310","8870","7636","13101","11763","8720","5977","11755","13104","14394","8025","7924","8830","8005","9387","10233","14538","9216","8764","13256","9457","7286","10775","7745","4180","16318","9150","7062","7638","7854","9166","10308","10884","8835","11187","8741","8806","9839","5000"
"2022-07-11","11512","10274","16498","8650","11040","8667","10972","9191","7599","13282","11593","8495","5940","11604","13401","14443","7943","8304","8862","8106","9601","10146","14207","8922","8968","12369","9738","7497","10461","7917","3716","16237","9418","7316","7137","8060","9131","10527","11303","9191","11664","8186","8264","10025","4362"
"2022-07-18","12325","10595","16520","9017","11396","8634","11405","9102","8350","13475","12155","8748","6444","11685","13650","14319","8365","8271","9358","8084","9959","10516","14129","9192","9229","12000","10567","8144","10507","8599","4044","15541","9647","7873","7363","8695","8868","10802","11386","9676","11815","7902","7941","10243","4836"
"2022-07-25","14267","11449","17077","9852","11910","8714","11891","9475","8757","14421","13612","9096","6985","13311","15341","14360","9216","8600","10338","8405","10596","10988","15046","10202","9990","14689","11448","8785","10259","9221","4254","15548","9635","8207","7366","9306","8715","11392","11640","10183","12074","8519","8547","10985","4753"
"2022-08-01","13847","11428","17333","9685","12300","8798","11735","9590","9155","14194","12551","9520","7027","14458","14599","13124","9413","8248","10393","8470","10658","11315","14261","9540","10290","16511","11812","9127","10305","9986","4706","15971","9236","8489","7669","9517","8910","11591","11730","10067","12060","8603","8663","10937","4876"
"2022-08-08","14642","11887","18258","10265","13861","9162","12296","9884","9020","15335","13695","10104","7553","14478","15359","13419","10340","8875","10653","8994","11043","11454","15647","10129","10502","18111","11378","9102","10830","9842","4073","16330","9648","8548","8058","9253","9183","12064","12104","10519","11982","8911","8988","11211","4857"
"2022-08-15","14184","11594","18549","10295","13843","8524","12173","9474","8605","15804","13569","9716","7345","14837","14985","14059","10181","8350","10617","8891","10826","11253","16103","10065","10636","17964","11098","8369","10555","9366","3498","16581","9998","8103","7643","8882","9530","12024","12186","10347","12369","8584","8656","11270","3601"
"2022-08-22","13829","11304","17838","10220","13517","8118","12397","8840","7839","16416","13829","9549","7113","14041","14795","13745","9956","7968","10115","7727","10159","10688","16555","9876","10461","17962","10721","7957","11525","8900","3263","15619","9602","7651","7805","8385","9097","11470","11561","10046","11862","8081","8156","10844","3443"
"2022-08-29","13574","10799","18189","9852","14195","7935","12051","7756","6579","15596","13713","9582","6845","13387","14813","13125","9517","7295","9728","7049","9323","10264","15460","9305","9732","18016","10007","7551","11083","7832","3042","15583","9704","7066","6918","7648","9309","10923","11626","9888","11579","7899","7964","10477","3221"
"2022-09-05","13898","11227","18309","10334","13975","8091","12579","8154","6936","15735","14154","10708","6997","14199","14985","13838","10620","7672","10173","7422","9514","10719","15393","9751","10224","19447","10706","7912","11609","8341","3202","16197","9985","7474","7657","8314","9522","11032","11929","10410","11968","8104","8191","11137","3708"
"2022-09-12","13474","10364","17311","9994","13369","7445","11779","7429","6363","15049","13539","10496","6274","13208","15021","13454","9731","6520","9748","7080","8784","10311","14189","9235","9832","19016","10015","7183","10735","7468","3198","16064","9718","6882","6860","7747","9568","10564","11474","9933","11245","7529","7594","10439","3096"
"2022-09-19","13253","9815","17162","9749","13207","7057","11036","6845","6034","14388","11769","10020","6100","12551","13869","13566","9265","5927","9225","6625","8246","9617","13661","8452","9468","18633","9182","6680","9963","6633","3042","15717","9490","6528","6434","7236","9169","10545","11386","8815","10403","7231","7267","10066","2703"
"2022-09-26","13142","9537","16992","9776","13333","7057","10919","6306","5852","15628","11885","9905","5851","12884","12463","14084","9139","5702","8975","6373","8032","9111","14514","8443","9715","18487","9033","6424","10100","6184","3342","16054","9464","6345","6612","7172","8998","9688","11636","8985","10534","7005","7046","10022","2606"
"2022-10-03","13605","10034","17332","10183","13641","7453","11017","6369","5822","16809","12561","10801","6101","13286","13039","14228","9726","6260","9405","6454","8516","9449","15455","9137","10135","18753","9377","6579","10477","5704","3350","16370","9381","6397","6895","7078","9377","9821","11759","9072","10442","7227","7297","10286","2570"
"2022-10-10","13681","9957","17631","10324","13613","7426","10578","6114","5413","16378","12795","10604","6385","11455","12712","14434","9254","5906","8987","6390","7696","8764","15501","9169","9919","18058","7871","5528","9547","5460","3095","16258","9517","5794","5856","6186","9651","9701","12109","9202","10141","7072","7121","9846","2384"
"2022-10-17","14392","10907","18530","10725","14603","7895","11435","6600","6010","17524","13352","11883","6881","12614","12908","14843","9852","6106","9590","6873","8422","9228","17351","9789","10529","19396","8675","6482","9991","5741","3407","16634","9982","6383","6271","6609","9888","10324","12310","9841","10666","7406","7436","10326","2343"
"2022-10-24","16406","11153","19734","11855","15425","7612","12101","6095","6670","17868","13228","12418","7402","13863","13638","15676","10817","6218","10244","7304","8768","9703","17112","11287","11002","20833","9596","7119","10549","6053","3551","17404","10398","6948","6565","6854","11562","10918","13836","10236","11395","7052","7077","11041","2325"
"2022-10-31","16119","11113","19831","12221","15901","7911","12580","6056","6825","18510","13861","12336","7661","14959","13561","15567","10483","6208","10222","7274","8382","9548","17484","11725","10771","20960","9791","7364","8769","6070","3259","17123","10286","7101","5117","6513","11718","9701","13496","9551","10849","6341","6353","10602","1984"
"2022-11-07","16416","11542","17809","12766","15051","8807","12383","6771","7871","19073","14308","11400","8156","14671","14297","15345","11004","6963","10631","7961","6762","10631","18196","12170","11131","20513","11349","8790","10194","7064","3457","16815","10404","8560","5742","7246","11934","10494","13493","10501","11498","7061","7088","11460","2265"
"2022-11-14","16898","11440","18485","13150","15533","8252","12742","6465","7429","19065","14247","11634","8078","15462","13596","15753","11097","6456","10684","7841","6583","10571","18693","11909","11678","20733","11233","8016","10327","7181","3037","17446","10962","8108","5576","7354","12197","10606","13869","10368","11680","7135","7167","11602","1865"
"2022-11-21","17016","11730","19165","13156","15787","8228","12730","6480","7844","19698","14440","12041","8329","15494","14291","15909","11404","6541","10768","8324","6540","10873","18799","12129","11891","21591","11343","7956","10654","7334","2992","17354","11169","8195","5618","7184","12582","10383","14161","10421","11903","7138","7152","11780","1875"
"2022-11-28","17013","12051","19341","13028","16173","7702","13120","6275","8136","18601","14810","12199","8210","15412","14237","16323","11936","6209","10806","8308","6443","11097","17260","12151","12082","20453","11628","8033","10649","7319","3148","17819","11180","8264","4975","7475","12986","10362","14202","10619","11030","7356","7389","11942","1910"
"2022-12-05","16288","11718","18569","12577","15507","7729","12697","6414","8196","16808","13516","11696","7697","14597","14160","15723","12200","6255","10523","7802","6373","11177","15573","11696","12032","19938","11743","7902","9798","6695","2922","17312","10603","8313","4617","6936","12831","9966","13695","10333","10774","6799","6820","11708","1385"
"2022-12-12","15663","11758","18630","12544","15853","7335","12280","6176","7989","17267","13807","10770","7338","14113","14285","15674","12123","5595","10409","7321","6102","11407","16214","11976","11628","19600","11508","7792","9311","6385","2836","16900","10416","8110","4473","6517","12655","9429","13430","9860","10293","6610","6658","11496","1313"
"2022-12-19","15959","12044","19182","12686","16007","7071","12360","5984","7331","18112","14449","11429","7729","13669","14166","16024","11783","5358","10161","7297","5922","11335","16894","12343","11618","19564","11265","7234","8711","6298","2585","16063","10490","7529","4092","6216","12361","9244","13790","9526","10319","6535","6581","11805","1316"
"2022-12-26","15539","12152","18754","12539","15371","7040","12214","6233","7046","18312","14477","11214","7918","13850","13769","15934","11772","5526","10205","7502","6111","11473","17232","12327","11481","19158","11254","7377","8605","6322","2639","16012","10346","7541","4224","6191","12522","9108","13964","9546","10182","6462","6502","11660","1408"
"2023-01-02","15361","12476","19301","12499","15725","7997","11924","6624","7164","18379","14398","11415","8709","12834","13359","15808","12216","6511","10531","7912","6461","12074","17327","12806","11444","18556","11868","7815","8315","6243","2630","16091","10710","8075","3800","6034","12847","9087","13939","9834","10770","6397","6460","11410","1300"
"2023-01-09","16774","12566","19089","12927","15371","8019","12728","6784","8147","19183","14851","11967","9709","13125","13282","15751","13182","6520","10772","7494","6745","11881","18491","13300","13074","18924","12538","8314","8563","6930","2861","16686","10601","8516","3993","6798","12583","9447","13491","10373","10824","6747","6800","11590","1446"
"2023-01-16","15810","11933","18900","12303","15161","8235","12534","7030","8600","19780","14903","12232","9404","13140","12967","15073","13297","6737","10464","7509","6892","11712","19387","12850","13370","18444","12353","8293","9009","6839","2885","17180","10255","8491","4149","6599","12108","9665","13126","10701","10709","7179","7275","11271","1463"
"2023-01-23","16088","12458","18958","12409","15293","8997","12857","8173","9818","20902","14841","12013","10075","14387","13454","14900","12913","7877","10541","7519","7063","12127","19453","13613","12997","19240","11921","8476","9853","7360","3103","17824","10456","8712","4186","7396","12213","10230","12758","11177","11226","7278","7380","11290","1684"
"2023-01-30","16518","12291","18127","12584","15731","8791","13065","8398","10173","18597","14459","13047","9922","15060","13579","14769","13396","7576","10940","7879","7255","12263","17893","12749","13833","18489","12186","9289","9849","8403","3457","16691","10340","9291","4556","7785","12325","10831","13150","11184","11483","7674","7711","11423","1768"
"2023-02-06","16198","12495","18402","12349","15963","8427","12972","8444","10252","19948","15117","13362","9841","15210","13674","15032","13406","7534","10704","7968","6958","12173","19116","12745","13914","19291","11811","8864","10190","7953","3087","16490","10487","8888","4371","7446","12646","10586","13654","10987","11152","6926","6951","11434","2045"
"2023-02-13","17233","13265","18341","12800","15753","8312","13277","8324","10311","19273","14564","13441","10052","15776","13626","14304","13017","7283","10860","7923","6813","12221","17605","12751","14114","18789","11579","8700","10438","7662","3781","16283","10685","8940","4583","7378","12363","10694","14443","11061","11319","6910","6932","11466","2005"
"2023-02-20","19823","12939","17955","14013","15511","8196","13769","7830","11226","19654","14922","13388","10114","15468","13270","14009","12748","6851","10256","7761","6305","11855","18032","12153","14035","17616","11338","8401","11508","7622","3325","15934","10395","8620","4705","7329","11765","10285","13762","10921","10898","6528","6548","11232","1900"
"2023-02-27","20394","13491","17282","14303","15037","7998","13981","7650","11518","21004","15608","13830","10457","16056","12706","13870","12562","6760","10610","7422","6315","12984","19175","13138","14355","17551","11388","8630","11814","7957","3424","16108","10264","9212","5056","7361","11825","10587","13865","11096","10601","6859","6890","11408","1865"
"2023-03-06","19036","12593","16808","13418","14235","7738","13487","7315","11072","20225","14487","12444","11016","16715","14552","13721","11876","6316","10253","6849","6037","12616","17952","11682","13790","17233","10970","8404","11452","8069","3021","15927","9994","8859","4803","6465","11596","10410","13565","10549","10509","6637","6669","11058","1646"
"2023-03-13","18151","12091","16966","13579","13921","7981","13294","7233","12402","19456","13289","11747","10930","18633","14742","14338","11371","6145","10292","6942","5853","12947","17165","11064","13293","17060","11574","8923","11662","9550","3239","16400","10171","9494","5340","6681","11276","10866","13200","10180","10864","7442","7508","11172","1808"
"2023-03-20","18619","12411","17326","13266","14071","8615","13781","7302","12911","19619","13299","11933","11061","19281","13899","14640","11514","6176","10536","6972","6020","13054","17558","11167","14035","16320","11195","8812","11812","9561","3370","17432","10347","9257","5277","6864","11669","11234","13413","10038","11047","7722","7772","11266","1895"
"2023-03-27","19708","13065","17801","13765","15097","8500","14283","7833","13392","21213","14369","12796","11573","19158","14243","14958","12622","6598","10953","7500","6327","13164","18962","11776","14842","17444","11915","9305","12317","9567","3473","17470","10759","9512","5506","7237","12102","11560","14046","10646","11083","7597","7621","11946","2106"
"2023-04-03","17460","12812","18503","12938","15843","8249","13639","7629","13035","20245","14759","12306","11331","18244","14285","16041","11711","6157","10406","7504","5427","12776","18010","10764","13818","17102","11183","8667","11835","9026","3325","17835","11003","8863","5128","6562","12160","11543","14247","10454","10840","7940","7980","11663","2102"
"2023-04-10","17686","13117","18098","13199","16123","8822","14230","7577","12900","20576","15346","12895","11553","18672","14534","16322","11892","6211","10473","8073","5299","12712","17911","11510","14101","16984","11195","8791","12298","8956","3621","18493","10834","8743","5447","6734","12106","11581","14762","10778","10958","7973","8021","11841","2202"
"2023-04-17","18389","13238","17991","13358","16013","8611","14211","6684","13074","19435","14893","12574","12046","17789","14065","16779","11317","5857","10299","8041","5511","12987","16250","11335","13268","17011","11103","9078","11917","8632","3362","18358","11071","8786","5305","6522","12627","11568","14953","11182","11294","7720","7761","11873","2197"
"2023-04-24","20185","13657","18210","14477","16417","9066","14540","6962","13378","19194","14877","12066","11981","18279","14160","17242","11284","6033","10115","8112","5652","12855","15576","11259","13157","17200","11538","9199","11251","8723","3185","18893","11016","8753","4816","6599","11991","11895","15176","10857","11224","7861","7930","11767","2273"
"2023-05-01","20506","13568","18292","14213","16637","8625","14663","6627","13827","16819","14158","11865","12135","15748","13899","18634","11245","5859","10147","8466","5597","12930","14540","11068","13008","17664","11512","9298","11342","8769","3046","19301","11074","8988","4912","6848","11632","12168","15564","11321","11132","7732","7783","12041","2295"
"2023-05-08","20293","13555","19497","13977","16951","8581","14901","6820","13663","17288","13766","11744","11960","15822","14552","18922","12951","5786","10066","8349","4946","12951","15012","10783","13399","17744","11551","9252","12290","9298","3905","19263","11169","8990","5224","6706","11402","12097","15917","11162","11243","8606","8641","12247","2876"
"2023-05-15","20432","13864","19882","13965","17183","9603","14718","7376","15073","17355","13831","11689","12621","16424","14546","19268","13330","6712","10159","8906","5469","13999","15114","11052","14141","18289","12645","10336","11633","10329","4813","18946","10938","9831","5806","7598","11501","12279","15788","11440","11075","8991","9032","12147","3359"
"2023-05-22","20254","13414","19396","14465","16563","10414","14914","7379","18776","17119","13628","12142","12437","19442","14510","18546","14213","6956","10268","9048","6282","16677","15460","10899","15416","18633","13766","11027","13054","12399","5610","18297","10684","10537","6183","10949","11244","12298","15270","11012","11314","9126","9192","12102","3216"
"2023-05-29","20910","13916","19506","14662","16915","9744","15435","7370","18960","17135","14081","12475","12808","18546","14671","19266","14334","7049","10397","8817","6208","16662","14842","11662","15534","19453","13673","10771","13396","11504","5968","18507","10859","10426","6071","10058","11361","12685","14813","11362","11433","9130","9177","12433","3318"
"2023-06-05","21339","14166","19694","14781","17351","9217","15671","7214","18692","17780","13947","12368","12868","18548","14730","19428","14443","6968","10485","8880","5981","16510","15402","12094","15926","20731","13899","10647","13572","12193","6173","18526","11170","10541","5999","10030","11394","12686","15005","11477","11538","8952","9004","12404","3030"
"2023-06-12","21817","14178","20308","14877","18246","9531","15938","7618","20582","17824","14140","12443","12867","18008","14872","19500","14685","7089","11011","9264","6771","17813","15513","12621","17737","20642","13876","10753","15202","11721","6700","19290","11348","10759","6224","10216","11502","12963","15204","11307","11680","9047","9091","12686","3205"
"2023-06-19","21681","14292","20786","14862","18340","9196","15995","7146","20350","17565","13772","12401","12563","16985","14896","19985","14476","6632","10748","9488","6477","16870","15118","12064","17347","20080","13639","10685","15042","10738","5767","19240","11343","10537","5763","9664","11300","13087","15299","10992","11698","8960","9015","12460","3128"
"2023-06-26","22171","15282","21363","15643","18910","8890","16838","7330","20394","18345","14989","12875","13298","18496","15579","20427","15162","6644","11386","10093","6645","17799","15933","12661","18170","20344","14477","11284","15756","11119","6301","19513","11469","11193","5892","9992","11241","13598","15805","11777","12009","8766","8865","12834","3441"
"2023-07-03","21583","15233","20738","15607","18790","8543","16594","7141","20491","18568","15226","13346","13107","18032","15846","19691","15112","6598","11208","9984","6372","17375","15604","12617","18382","20296","13606","10845","15267","11046","6305","18751","11200","10808","5779","9886","10855","13367","15460","11904","11711","8750","8804","12399","3476"
"2023-07-10","22115","15233","20473","15889","18624","9027","16811","7294","21921","18630","15369","13117","13350","18898","15632","19577","15304","6947","11340","10337","6082","18233","15414","13154","18790","21111","14172","11208","14877","11317","6741","19559","11285","11054","5994","10605","11259","13368","15906","12143","12194","9185","9211","12815","3764"
"2023-07-17","22251","15390","20710","16115","18634","9248","17270","7062","21362","19795","15887","12934","13356","19589","16831","20125","15579","6709","11208","9990","6074","18401","16706","13258","18923","21467","13688","10946","15035","10830","6753","20098","11556","10563","6054","10598","11762","13455","15820","12496","12443","8790","8816","13101","3758"
"2023-07-24","23465","15550","20142","17933","18334","10030","17184","7517","22539","20741","15881","13483","13847","17244","16451","19970","14800","7362","11737","9813","6133","18463","17532","13401","18338","21276","15253","12660","15320","11026","7320","19631","11668","11766","6242","10849","11211","13728","15366","12798","12565","9710","9747","12977","4180"
"2023-07-31","23968","15125","21086","18361","18246","9848","17166","7913","21541","21704","16244","13841","13686","20498","16938","19578","14827","7611","11701","9930","6138","18091","17236","14225","18288","23098","14819","12119","13462","11305","7480","18879","11553","11280","6037","10478","11476","12758","15319","13014","12313","9382","9419","12653","4194"
"2023-08-07","24039","15245","22001","18707","18472","9067","17157","7920","19697","23560","16730","14200","13873","19966","17887","23010","14520","7336","11689","10602","5802","17026","18889","14677","17816","23680","14297","11443","13440","10500","6334","19399","11762","10751","5946","9542","11669","12463","15610","13369","12557","9489","9539","12651","5201"
"2023-08-14","23862","15042","21019","18133","17167","8958","17406","7624","20875","22753","16693","14185","13533","20605","17721","23800","14098","6961","11423","10245","5620","16946","18145","14089","17241","23282","14267","11461","12930","10293","5919","19119","11524","11048","5889","9626","11068","12232","15518","12957","12155","9335","9388","12533","5112"
"2023-08-21","24541","14857","21163","18636","17522","8976","17594","7632","22186","22653","16640","14355","13554","20646","17875","24115","14339","6917","11567","10484","6043","17479","18082","14026","17377","23527","14379","11589","14230","9980","5972","19410","11516","11179","6001","8942","11211","12521","15403","12810","11911","9512","9577","12806","5317"
"2023-08-28","25109","15322","20615","19133","17512","9915","18202","8731","23387","22964","17240","14341","13829","22525","18866","24265","15091","8050","11871","12719","6313","17903","18145","14730","19431","23842","15134","12321","14967","10683","6239","19468","11789","11925","6468","9686","11180","13281","15675","13196","12139","9935","10025","13045","5776"
"2023-09-04","25232","14693","21037","18859","17752","9886","17699","7744","21971","24435","16807","14640","13524","22423","20214","25544","14394","7614","11512","13150","5817","17596","19296","14526","18069","24142","14857","11740","15338","10355","6219","19021","11950","11425","6743","9316","11085","12491","15855","13172","12294","9988","10054","12783","5633"
"2023-09-11","25342","14394","21004","18021","17546","9844","17077","7552","21165","24199","16675","14219","13981","21082","19531","25073","14092","7637","11489","12924","5652","17476","19516","14365","17855","24429","13558","10937","14812","9906","6301","19346","12013","10706","6637","9107","11037","12268","15390","13026","12410","10063","10135","13299","5726"
"2023-09-18","23006","14123","21931","17781","17788","9703","16152","7807","20061","24144","16632","13619","13467","20582","19715","23979","14196","7907","11169","13066","5436","17012","19732","14051","18114","24524","13486","10867","14091","9390","5808","19381","11846","10545","6522","8741","10941","12253","15486","12461","12459","9539","9618","13032","5049"
"2023-09-25","23010","14261","21740","17812","17361","9583","16034","7813","20971","23811","16884","13416","13383","20992","19691","23395","14800","7993","11257","12851","5292","17043","19249","14048","21362","24240","13691","11001","14456","10036","6576","19281","11669","10722","6715","9047","10931","12002","15036","12602","12601","9584","9662","12419","5344"
"2023-10-02","22787","14172","22262","17501","17982","9855","14803","7825","22062","22527","16011","13898","13494","22143","18718","24619","14482","8128","11174","12387","4828","17344","17187","13690","21877","24482","13971","11025","15212","10468","6827","19996","11413","10864","7088","9114","10901","12442","14925","12565","12436","10076","10166","12735","5400"
"2023-10-09","21447","13682","23126","17103","18640","9749","14874","8107","21917","23317","17179","13188","13241","21667","18777","26534","14136","8005","10977","12691","4852","18122","17122","13788","22892","25264","14531","11323","15996","10258","7135","20571","11662","10930","7451","8795","11326","12538","15328","12370","12643","10060","10155","13235","5151"
"2023-10-16","20735","13395","22638","16300","18472","9469","14117","7901","19953","23735","17075","12429","12841","21241","18950","25465","13231","7507","10704","12293","4526","17516","17819","12824","21047","24911","13803","10537","14990","9938","6621","20064","11584","10386","7171","8268","11348","12119","15007","12052","12333","9931","10020","12862","5025"
"2023-10-23","23754","13287","22399","17382","18274","9248","14131","8080","19526","22970","16622","12280","12874","20108","19003","24401","14109","6826","10630","12303","4225","17202","16783","12276","20631","24618","13669","10251","14725","9412","6194","19699","11760","10168","6933","7899","11176","11792","15296","11879","12112","8947","9043","12817","4844"
"2023-10-30","25359","14795","22636","17797","20038","10224","14501","8563","21698","23722","17357","12322","13185","24251","20766","24731","14334","7534","11362","12965","5009","18112","17173","12389","21616","26016","14913","11129","15017","10957","7764","20859","12015","10822","7552","8584","11901","12383","15764","12265","12511","9455","9554","13386","5251"
"2023-11-06","25342","15279","23462","17836","20820","10616","14920","8580","23303","22834","16656","12767","13954","23606","20463","26034","14312","7882","11608","13709","4749","19647","16663","12334","21593","27060","15947","12031","15632","11575","8085","20718","12126","11669","7875","9129","11074","13067","16316","12669","12873","9710","9824","13774","5856"
"2023-11-13","26327","15871","22508","18174","20674","10925","15695","8989","23767","23269","16943","12274","14518","24496","20688","25772","14399","8166","12023","13728","5174","20062","16858","13023","22120","27042","16254","12292","15267","11774","8422","19434","11335","11507","8308","9290","11005","13298","16024","13193","12873","9910","10035","14148","5229"
"2023-11-20","26846","16118","23066","18329","21250","10828","15649","9013","23033","23521","17302","12678","14523","24925","20688","26181","14465","8163","12111","13879","5129","20086","16974","12729","22082","27524","16585","12594","16407","11939","7891","19575","11387","11643","8451","9365","10995","13317","16332","13396","13190","10011","10129","14327","5281"
"2023-11-27","26547","16312","23230","18144","21428","10696","16332","9380","22546","23823","17759","12111","14829","24725","21531","25438","14251","8476","12368","13416","5183","19083","17167","13213","19682","26640","16387","12674","18262","11849","8331","19471","11262","11739","9429","8825","11326","13406","16222","13418","13299","9657","9770","14413","5115"
"2023-12-04","26196","16423","22892","18179","21362","10559","17078","9547","22903","22502","17049","12887","14598","25568","21935","26049","14081","8383","12496","12814","5158","19376","16672","13354","20034","24713","15952","12342","18402","12584","7304","19415","11008","11440","9730","8838","11526","13720","15649","13426","13623","9886","10013","14286","4996"
"2023-12-11","27460","16281","21971","18341","20094","11468","18430","9985","23571","23345","16823","12367","14918","26889","22362","24916","15842","8877","13307","13359","5801","23181","17464","14704","22375","26389","17466","13577","18949","13582","7480","22771","11145","12542","10434","9960","11717","13850","15743","14178","14695","9711","9808","14425","5342"
"2023-12-18","28054","16519","22708","18287","20262","12183","18346","10089","23542","23737","17079","12726","15336","27192","22564","24844","16637","9224","13270","14121","6208","23022","17957","14942","21529","25629","17391","13691","18389","13626","7156","22470","11430","12549","10255","10070","11619","13572","15751","14273","14980","10362","10459","15368","5511"
"2023-12-25","27771","16688","23147","18238","20156","12021","18497","10114","23875","23342","17110","12849","15450","26879","22861","25390","16709","9173","13286","14269","6140","22904","17658","15215","21448","25976","17351","13748","18183","14388","7057","22561","11503","12551","10243","10080","11816","13497","15718","14459","14723","10230","10327","15560","5329"
"2024-01-01","26450","16599","23907","17986","21140","11755","17064","9511","23670","23993","16898","13627","15288","26355","22902","26942","16953","8767","12661","14146","5912","21530","17522","14868","21342","25831","16247","12855","17447","13527","6568","23094","11435","11539","9927","10015","12151","12701","15310","14260","14632","9940","10068","14904","5096"
"2024-01-08","27455","17126","24264","18539","21154","11606","17353","9807","26376","24773","16510","13695","15712","28764","23276","28003","16982","8760","12934","14793","5939","22729","17862","14944","21572","25091","16734","13334","20055","14306","6889","24031","11771","11713","11367","10978","12599","13033","15768","14458","15240","10447","10570","15310","5578"
"2024-01-15","27640","17188","24228","18530","21092","12327","17351","10120","28681","24069","16248","13917","15714","30074","23840","27378","16728","9594","13083","15517","6302","24853","17408","14680","20975","25433","18297","14504","20826","17006","6897","24121","11848","13005","11656","11880","12732","13429","17009","14982","15501","10720","10843","15467","5501"
"2024-01-22","27998","17092","24261","18982","21136","12403","16825","10714","29424","25255","17099","14219","15881","30176","24202","27843","16749","10200","13498","15709","6474","24723","18733","15408","20744","26949","17891","14727","21116","17301","6720","23852","11986","12925","11646","11372","11599","13489","16917","15490","15321","11146","11270","15435","5924"
"2024-01-29","31230","17798","25220","19913","20688","12182","17528","10368","31897","26169","16935","14899","16529","31169","26439","29080","18264","10187","13867","16100","6616","25122","18725","16214","22091","28824","18038","14721","21278","17341","6995","23548","12373","13024","12178","11287","11225","13028","17327","15716","15825","10427","10519","15989","6133"
"2024-02-05","32474","18070","25065","20754","20986","12052","18009","10592","34776","26742","17154","15198","16860","32236","25656","32238","19399","9953","14112","16078","5881","26335","19432","16321","23530","29371","19396","16000","23241","16836","10021","23449","12352","14392","13212","11504","10745","13239","16971","15838","16135","10912","11008","15961","6198"
"2024-02-12","33554","19371","25550","21412","20886","11199","18123","10368","35008","26748","19094","16201","18057","29873","27050","34063","20542","9459","14143","15707","5830","25556","18954","16565","23316","29147","19741","16254","22594","16971","10045","23410","12430","15455","13208","11080","10440","12780","17389","15492","16149","10291","10388","15870","8006"
"2024-02-19","37680","20311","25809","22834","21614","12114","20090","10423","37999","26674","19112","16541","18561","30548","28855","33518","20491","9820","14404","16852","5749","26600","19231","16666","23488","29776","19964","16297","17395","17230","9441","23849","12810","15268","12496","11295","10728","12795","17504","16124","16460","10543","10647","16346","7675"
"2024-02-26","42456","20660","26291","27090","22669","13403","20647","11510","39668","27251","19567","17123","19205","32840","32344","34066","21110","11263","14852","23238","5914","28710","19462","17326","24778","37776","21419","17228","18647","19779","10247","23996","12862","16282","12621","12972","10547","12594","17958","16029","16716","10044","10119","16223","8326"
"2024-03-04","41861","20888","26368","27515","23029","13751","20747","10981","42198","28249","20451","16725","20332","31170","35899","33196","21707","11035","14798","21683","5585","26854","20311","17454","25461","37904","20871","16791","17278","20243","10703","22933","13160","15919","12952","12606","10957","11968","17937","16047","16184","9917","9987","16146","8481"
"2024-03-11","41665","20426","26679","27811","22118","13136","20807","10190","42347","30497","20873","16652","20445","31697","36534","32849","19610","10473","14650","19958","5336","25351","22236","17855","20732","36782","20414","15974","17399","18649","9655","22605","13283","15384","12663","11177","10748","12101","18417","15649","16185","10340","10418","16198","8442"
"2024-03-18","43422","20999","26626","29460","22198","15525","21935","10545","45458","31493","21844","16812","21203","34971","41003","33565","20913","11200","15336","20935","5960","27772","23043","18428","22086","39609","21209","17164","17684","17535","9938","23047","13324","16282","13142","11122","10591","12077","19316","16360","16390","11042","11122","16508","9525"
"2024-03-25","42899","21101","26840","29648","22376","16607","22268","11024","43562","31702","22058","17314","21249","33095","41335","33885","20826","11953","15460","21284","5546","27196","23185","18856","22551","41078","20852","17053","17521","17617","9457","23178","13171","15971","12861","11847","10684","12021","18676","16177","16341","11054","11158","17738","9256"
"2024-04-01","43667","20678","26935","30902","21980","17408","22559","10661","42430","34476","22842","17463","23708","33965","44706","34157","21153","12806","15732","24755","5377","27484","24910","19518","23648","42907","20382","17001","16588","16634","9437","22549","13101","16096","12657","12143","10149","11888","18489","16281","15920","11169","11281","17394","10002"
"2024-04-08","41531","19735","26148","29790","21016","17259","21830","10092","42516","32846","22590","17109","23455","30954","41389","32738","20658","12622","15188","21965","5090","27579","23572","18815","22571","42593","20321","16798","17208","15938","9318","21988","13165","16097","12398","11727","9929","12376","17810","16097","16312","11552","11665","17257","10106"
"2024-04-15","39256","19553","26239","27822","21634","15040","20850","9769","36737","30897","22241","17289","22458","28086","38967","31635","19705","11569","14766","21425","4889","24720","22262","18250","19992","40200","18750","15275","17125","14313","8413","21862","13031","14696","11339","10384","9737","11567","18049","15131","15826","11285","11411","17073","8933"
"2024-04-22","40778","20475","27162","29971","20638","16177","22427","10193","42298","31213","23018","18002","24625","30210","43145","31949","21088","12500","16149","23326","5086","27579","22521","17670","19911","41860","21081","16242","17970","15364","9256","22039","13169","15750","12198","11636","9542","11868","17271","15441","16264","12593","12728","17201","9872"
"2024-04-29","42537","24326","26440","30797","19778","16157","21971","10366","42806","28721","22121","18617","24892","31317","48362","32012","20309","12428","16437","23334","5241","26226","21304","17329","19734","43302","20792","15947","18265","14700","9589","22239","13094","15805","12445","11451","9449","12855","16758","15041","16593","12248","12384","17403","10039"
"2024-05-06","46557","24937","27993","32194","19902","17078","23269","11137","43331","28250","22297","18616","24782","35840","55442","33102","20862","12542","17098","24764","5129","27348","21208","18257","19857","47762","21440","16068","18343","14829","8467","23442","13239","16242","12868","11444","9621","12832","16864","15417","17558","12351","12479","18080","11558"
"2024-05-13","42699","25572","28223","32033","19812","17649","22662","11287","44585","28268","23177","19191","24252","36509","55834","33538","21328","12629","17680","27888","5394","28630","22556","18333","19364","47358","22317","16009","19600","16054","8944","24686","14152","16424","13878","12021","9877","13310","16744","15242","17751","12894","12992","17870","11031"
"2024-05-20","46222","26124","28034","33753","19274","18241","24293","11159","51330","27974","22509","19839","25381","34986","60593","35168","24145","13104","18260","29877","5421","28888","22062","17954","20135","51251","23254","17036","19831","16238","8635","25337","14312","17106","14100","12816","9580","13318","16329","15169","18061","12816","12921","17629","10986"
"2024-05-27","44199","26102","28477","32904","19850","17608","23651","11046","52856","27786","23287","19485","25049","33971","58801","35731","24116","13188","17742","26031","5095","27261","21345","17420","20017","48278","22671","16366","18185","16291","8911","25248","14395","16656","12584","11501","9374","13477","15936","14821","18065","12633","12748","17504","10896"
"2024-06-03","41146","25834","29342","31832","19698","18445","23084","11386","58282","27549","23244","19179","24560","33872","50487","37022","23272","13134","17510","24242","5364","28863","20977","16927","19172","44000","22953","16898","18616","16386","9581","26783","14421","17171","14006","11364","9437","13802","16192","14817","18861","12777","12894","17613","10953"
"2024-06-10","42378","24342","29495","31934","20036","19913","23424","12304","63581","26757","23439","18621","23644","37491","51982","38262","22755","13684","18300","25176","5538","35602","20384","16542","20114","47756","24621","18184","19567","15581","9688","26655","14671","18356","15463","12246","9489","14896","16665","15352","19086","12948","13071","17962","10366"
"2024-06-17","42710","24712","30151","32278","20922","19656","23485","12212","61021","27166","24641","18627","24912","38503","51549","38498","22318","13272","18424","27056","5700","34034","20403","16870","19056","48473","24373","18436","19753","15737","9799","25989","14865","18230","15270","12016","10308","14545","17897","15614","18922","13156","13209","18293","10508"
"2024-06-24","41064","23938","29199","30908","19660","18528","21779","12234","59560","27294","25365","19002","24113","40000","51027","39435","21466","13272","18059","25723","5965","32944","21293","17141","18315","44504","24611","18690","20905","15833","10411","25989","14822","18275","15372","11683","10007","14765","17472","15501","18959","13340","13441","18080","11129"
"2024-07-01","40821","24298","29385","30693","19174","18538","21645","12089","60664","26863","26096","19216","24345","41787","53033","39835","21474","13517","18231","25919","6484","34950","20753","16897","18276","46953","25527","19093","21095","16779","11192","26314","15332","18786","15633","12047","9727","15867","16988","15450","19755","13959","14067","18376","11607"
"2024-07-08","43454","24431","28830","31870","18816","18813","23040","12688","62308","26032","26600","18848","24119","41303","54202","41308","22122","13798","18727","26032","6939","34896","20092","17269","19348","48253","25602","18778","20750","17727","11537","27100","15157","18849","14896","12300","10204","16161","17208","15566","18801","13554","13687","18635","11348"
"2024-07-15","41086","24061","29004","30783","19002","16095","22162","12159","56856","25985","26860","18700","24137","37727","45383","37348","21139","12230","17250","23462","6416","32287","20148","17889","18609","42067","22761","16097","20404","14796","11747","27256","15487","16283","12234","11116","10583","15725","17253","15638","18694","13011","13146","19585","10939"
"2024-07-22","41826","25495","30005","30820","19666","15412","22005","12283","54508","27163","25915","18413","25757","36431","42208","35046","23301","11957","17118","21181","6071","31113","21614","18035","18582","38898","23503","15703","20152","13664","11171","27461","15275","15989","10276","10984","11232","15279","18369","15170","18237","12231","12361","19658","10368"
"2024-07-29","41342","27801","31516","29605","20316","13058","20650","11204","51716","25903","25720","17441","24312","36446","42985","35039","20811","10025","15850","19079","5193","29511","20179","16512","16771","37129","20780","13392","18844","12933","10169","27417","14986","14080","8741","9903","11197","15413","18811","13699","18336","12206","12340","19538","9190"
"2024-08-05","42341","28705","27055","30119","20130","13112","22253","11406","50501","27664","26726","18064","25351","38326","46671","38838","21321","10454","16786","17262","5066","30422","20522","17406","17194","42193","22291","14180","20440","13106","12335","25974","14874","14805","9664","10122","10744","15159","18603","13975","19069","11987","12120","19510","10348"
"2024-08-12","44644","29547","27383","31035","21966","15212","22790","12052","60062","28324","28060","18732","25698","40389","47092","40164","23017","11219","17638","20760","6089","34004","20350","17675","17904","42218","24463","15290","20602","14501","13185","26469","16078","16100","10532","11586","10761","15846","18522","14141","19419","11935","12072","19747","11547"
"2024-08-19","45706","29935","27605","32365","21884","14488","23414","12369","62371","27582","28389","19126","25971","40531","50902","41497","23970","11272","18054","20892","6931","34136","19814","17929","18268","43331","24412","14873","21629","15127","13062","26684","16571","15695","10893","12007","11190","15902","18473","14443","19611","12130","12269","20358","12062"
"2024-08-26","47734","29806","28051","33276","22539","13557","23582","11794","57550","27867","28934","19977","26487","40331","50700","41815","23650","11489","18081","21550","6748","33409","19931","18324","18397","43711","24459","14411","22367","14501","12939","27496","16906","15276","11124","12743","11523","16053","18694","15047","19905","11965","12099","20787","12419"
"2024-09-02","40860","28196","25206","29875","22350","12168","21250","11608","49576","26117","28905","18993","24456","35872","43739","39318","21146","10645","16043","19025","6104","28111","18227","16948","17010","38469","20978","12880","20708","13114","12466","25950","16776","13533","9884","11065","11482","15480","18516","14593","19554","11053","11148","20187","11309"
"2024-09-09","46952","29380","25938","33561","22629","12850","23103","12099","57420","25736","29188","19850","27042","41059","50772","40233","21692","11389","17043","21319","6534","34409","18237","17769","17828","43551","22431","13510","21391","14867","14628","26913","17643","14595","10396","12449","12078","15598","18620","14858","20431","11532","11605","21457","15055"
"2024-09-16","52006","30049","25397","36878","22364","12805","24933","12408","55925","25864","30102","20617","28430","43878","64024","40136","23970","11692","17668","21916","7186","35108","18264","18979","19185","56662","22651","13571","20973","15222","15290","25779","17306","14881","12029","12347","12243","15997","18348","15669","20230","11981","12065","21084","16861"
"2024-09-23","52669","30592","24410","36157","21954","15143","25434","12882","58529","25747","28915","21316","28119","43399","69864","38233","24429","12160","17429","22423","7559","35434","18469","20125","20596","57111","23354","14518","20704","16042","15142","25666","17464","15869","11468","11865","12195","15968","18960","16224","19754","12007","12112","20897","17083"
"2024-09-30","54352","31462","24269","36827","22392","14403","26204","12705","60226","27058","31125","22915","28377","45192","82142","38641","24364","11622","16727","22461","8059","36245","19345","20434","20481","63449","23503","14312","21111","16681","16445","25246","17718","15641","11724","12270","12338","15899","19107","16324","19698","12235","12352","21162","18676"
"2024-10-07","56126","32014","25277","38135","22498","15061","26521","13009","64989","25843","32649","23425","28995","47584","74356","40597","25557","11365","17574","23824","7993","37238","19334","20687","20914","59160","23991","14549","23013","16388","17883","26710","17534","15880","12846","12370","12391","15952","19647","16838","19830","11955","12056","21486","19658"
"2024-10-14","56379","32544","25457","38413","22478","15657","26937","13283","66532","24906","32056","23064","29215","45880","77840","39983","25404","11741","18083","23587","7758","36912","18615","20268","21263","60036","20253","12785","23113","15224","17661","26781","17799","14432","12442","13346","12649","16474","20034","17029","19842","11968","12095","22103","19420"
"2024-10-21","50027","31264","25368","36283","22174","15201","26414","12204","68238","23971","32689","22810","27166","44977","73608","38882","25630","12165","18606","22858","7540","35498","17984","19862","20997","58758","20090","13635","22596","15249","18438","26487","18061","14444","12060","13640","12981","16222","19774","16806","19879","12104","12237","21420","21614"
"2024-10-28","52972","30845","26314","38369","23221","14048","26014","11741","65278","22519","32553","23834","26044","44986","70926","35669","25827","11540","18191","24410","7655","34661","17416","19535","21493","57356","19980","13129","22362","13847","17230","26123","17991","14201","12161","14168","13056","15626","18969","16706","19568","12545","12652","21235","21868"
"2024-11-04","62390","35045","30647","43528","24107","15763","28369","12413","71174","24190","37873","26308","28032","45703","84214","36218","29182","12193","19802","25036","9822","37681","18567","20242","22854","53193","20518","13726","24135","14441","23999","28652","18569","14871","13240","15678","14085","15910","20146","18003","21051","13062","13180","23311","38782"
"2024-11-11","60089","34539","30311","42233","23751","13571","27713","11467","68450","24783","38613","27931","26837","42729","84362","32501","27079","11000","18904","24553","9541","33824","19038","19764","21593","49840","18341","12295","23864","13167","27032","25822","18442","13078","13509","14680","12894","15773","20074","17874","20232","12633","12743","22225","38926"
"2024-11-18","66306","36522","31156","42746","24363","14458","29307","11802","68436","24934","40833","29699","27477","46391","96095","32580","30063","11636","19914","26898","10436","33699","19140","20454","22074","55531","19090","12750","23639","13504","26449","25005","19797","13543","14934","15462","13155","16114","20306","18227","21502","12067","12206","22902","44572"
"2024-11-25","66604","36503","31422","43187","24443","13798","29529","12005","66652","24567","40240","29617","27630","46316","94861","34642","28367","12785","19475","23798","10187","33257","18892","20898","22867","57013","19313","12968","23914","13390","27571","25957","20248","13530","13879","15492","13504","16637","20568","18535","21678","12373","12494","23318","45032"
"2024-12-02","67108","36482","30173","43094","24547","14251","28497","11670","68672","23748","38279","28977","26632","49418","94944","36008","28163","12449","19893","23016","10875","36838","17865","20328","22835","56362","19352","13443","25029","13528","31377","25622","20949","13399","14669","18972","13438","17023","20809","18759","22140","12795","12933","23103","53691"
"2024-12-09","62426","34977","28809","40576","23615","14439","28936","11343","64724","22901","36364","27819","25181","51299","85988","34371","27938","11407","19737","22093","10884","46127","17541","19581","22749","53127","19514","13385","24241","12388","31266","25713","20631","13115","14764","20186","13398","17394","21021","18406","22067","13902","14024","21813","43390"
"2024-12-16","59201","34175","28984","39436","23651","12695","28149","10344","64941","20985","34822","27266","25539","51500","83056","33440","28127","10552","18920","21593","9966","45304","16108","18836","24411","50449","18786","12601","23035","11636","33107","22028","20191","12669","14534","18703","13502","17840","20169","18206","21281","14018","14140","19306","45599"
"2024-12-23","58335","34298","28829","38891","23823","12485","27697","10353","66054","21345","34934","27743","25798","51600","82896","34112","28476","10632","18963","21884","9882","49605","16243","18775","24566","50342","19247","12883","22961","12220","32503","22665","20064","12920","14241","18990","13727","17917","19809","18187","20960","14117","14219","18937","44821"
"2024-12-30","60566","34770","28869","40099","23855","12660","27987","10562","69651","22458","36669","28475","26083","52591","96356","34060","29161","11223","18791","22366","10466","47717","16879","18720","25195","56089","19611","13183","22600","12237","32836","22573","19872","13170","14403","19753","13333","17060","19923","17650","20444","14046","14153","19193","46891"
"2025-01-06","59418","34733","29084","39539","24309","13994","26869","10528","65524","22384","38074","28706","26042","52198","98950","34840","29270","11004","18818","21407","9884","46026","17271","18062","25906","67820","20389","13103","21387","11327","27645","22709","20358","13293","13994","19107","13110","16604","19813","17360","20898","14064","14156","19550","42589"
"2025-01-13","68023","38637","29626","42878","25249","14896","28924","11571","66392","24025","42490","29462","27735","54759","101401","31609","31097","11393","18609","20450","11059","48721","19159","19864","27424","70302","22610","14094","21843","11856","29499","23399","20126","14873","14322","20852","13396","16122","20131","17771","21038","14354","14477","20480","45780"
"2025-01-20","73476","39171","29576","45009","25761","14536","30687","12817","68759","23853","41180","33941","29843","58968","113418","34209","32225","11808","20692","21213","11204","50210","18966","20976","29180","77209","22381","13986","23149","11990","32462","24376","20743","14462","15041","20729","13575","15617","20746","18216","20960","14663","14795","20385","48556"
"2025-01-27","58972","39032","29735","37933","24727","12853","26366","11416","57887","22925","38763","33701","30878","52604","99721","35327","30318","11408","18973","19323","9964","45403","18066","19114","27342","66662","22036","14226","22744","11318","33905","25599","21487","13967","15969","18863","14177","16544","21415","18631","21856","14942","15066","20714","49424"
"2025-02-03","62120","39377","29782","39092","25469","13002","26763","11391","62598","23619","39673","35825","31137","54084","99050","38256","31417","11291","18711","19840","10062","46141","18077","18725","27847","68842","22318","14451","23918","10499","45561","26023","22142","13939","16913","18489","14008","15957","21785","19489","23282","13574","13714","20867","50243"
"2025-02-10","52825","41141","29682","36090","25237","14019","24466","12021","66941","24553","40449","36286","31591","48788","99501","36773","30944","11979","18464","21334","9099","47818","18380","18181","28561","70511","22409","14524","24669","11040","48977","25451","22774","13103","18123","17802","15181","17147","21819","18178","23908","13566","13694","21091","68217"
"2025-02-17","49149","40034","29883","34232","25407","13923","23087","11948","64811","24188","39464","33901","30311","44876","89282","38054","29379","12035","18116","21935","8592","44867","18302","17498","27375","63209","22515","15098","23559","10819","41656","26850","20747","13318","16315","17351","16037","17213","21564","17790","23086","13158","13306","21112","55538"
"2025-02-24","49059","42121","32010","34618","25891","13189","22253","12073","60226","23628","39732","31680","31395","42479","79323","40099","27581","11339","17853","19167","8238","40921","17757","17699","26081","55677","21158","13470","23485","9747","34903","26603","21586","12241","15632","15347","16673","16953","22726","17981","23389","12471","12620","21429","43560"
"2025-03-03","43781","38360","32208","31777","25295","13095","21087","10425","54329","21641","35830","29785","29403","38055","67846","37875","25259","9664","16869","17059","7275","40004","17230","18026","23561","47231","21231","13868","22314","9791","34899","27075","20077","12056","13379","11840","17125","16759","21822","16846","21509","12733","12879","20971","36170"
"2025-03-10","46061","39010","32518","32891","25595","14198","22355","10413","58659","22207","37483","26055","29898","38124","73863","35432","25106","10319","16888","17844","7451","40123","17541","17477","22884","48102","21282","13812","22488","9856","35446","27988","18683","12055","14191","11489","16254","14966","21961","15587","20162","12120","12283","19915","39167"
"2025-03-17","47549","40348","33055","33452","26373","13343","22990","10457","56745","23593","38881","26869","30963","37950","77496","36481","26496","10118","17853","18199","7803","39327","17863","17279","24448","49440","21088","13312","22485","10389","37386","27901","18821","11780","14532","11765","15618","15301","22154","15227","20281","12010","12183","19743","41994"
"2025-03-24","43763","39991","33400","31398","27283","12458","21796","10060","52873","22671","38964","25530","30318","35581","70653","35825","24152","9413","17850","17214","7330","34702","17859","16965","22894","45642","20106","12745","21306","10075","35286","27319","18639","11234","14326","10369","16305","15275","23303","15196","20736","11303","11436","20987","36424"
"2025-03-31","40036","34638","34152","28955","25921","9117","20525","7905","45468","19048","31749","22641","25302","29386","58202","32153","19421","7077","15840","13360","5805","30017","14220","14824","19677","37991","17209","10372","18939","8371","30419","26317","18210","9831","12903","8262","15643","13206","22994","13758","20442","10663","10826","19656","29335"
"2025-04-07","47093","38751","34465","32486","26349","9797","23105","8311","53481","19419","32216","26558","27556","33175","66297","31901","21539","7972","17531","15282","6006","37333","15037","15101","22212","46278","20005","11844","20761","9117","36395","26849","20314","11224","15160","8924","15115","13891","22993","14440","21489","11508","11681","21279","33425"
"2025-04-14","46982","37999","34851","32070","26937","9692","22904","8978","48930","20094","34384","24724","27574","32504","68499","36585","22959","8461","17440","15817","6091","35086","14950","15142","22734","45929","18937","11191","20681","8541","38545","27119","20406","10645","15069","8641","15248","13809","23011","14132","22182","11071","11238","21250","31856"
"2025-04-21","53663","41862","34747","34731","27506","11238","24628","9797","53519","21624","34985","26237","30098","35567","75157","38527","25637","9450","20332","17699","7028","39460","15467","15770","24734","49553","20733","12536","22073","9434","46354","27382","20815","11736","17045","9848","15048","14671","22285","15144","21796","11861","12007","21522","37019"
"2025-04-28","58345","47508","35417","36420","29900","11371","27526","11026","55202","22270","31883","28139","31504","41552","82659","35874","26744","10356","21622","17643","7363","41785","16155","16656","25313","54947","20839","13080","23149","9644","51081","27788","21616","12011","17675","10418","15123","14395","23267","15995","22490","12013","12151","21848","41131"
"2025-05-05","58720","48538","34670","37202","29638","12095","27933","11339","56239","23740","31428","28766","32605","39498","80564","31995","28010","10220","21681","17889","7599","42721","16698","16756","25923","60304","20930","13227","23054","10038","48212","23565","21172","12051","16471","9970","14135","13917","22489","16540","22485","11187","11313","22177","43934"
"2025-05-12","63728","50200","36205","39826","30844","13805","29553","12770","65278","25821","32635","32416","35157","44017","92950","32989","30587","11585","23289","21299","9131","46909","18438","18195","28247","64693","23616","14819","23800","11437","53235","24322","21505","12822","17622","10657","14950","14810","22859","17518","22881","12171","12269","22808","48454"
"2025-05-19","63665","50907","35801","39225","30544","13153","28744","13356","63297","25033","31605","32023","35310","41634","93864","31086","30194","11629","22933","20911","8875","46931","17461","17670","27842","66109","22601","14228","23031","10767","50682","24175","21089","12198","18277","10144","15661","13689","22738","16522","22495","12338","12428","22957","47378"
"2025-05-26","64573","52387","35972","39948","30882","13306","29361","13972","65148","25289","31107","32498","37300","39553","95294","32130","30791","11946","24107","20754","8467","49671","17518","17909","28285","68033","22592","14180","23731","10808","54164","24511","21610","12139","18910","10060","16056","14080","22624","16915","23201","12578","12666","23392","52554"
"2025-06-02","68933","54076","35641","41383","30936","15292","30972","15042","68325","25192","32913","32832","38774","44396","103039","33533","31352","12850","25026","21217","9542","50668","17434","18183","29734","66400","24118","15156","24616","11341","52495","24979","21336","12913","18791","11424","16403","14295","22793","17031","22638","12720","12818","23511","55883"
"2025-06-09","66530","52791","36406","40461","32276","16284","30707","15078","68446","26141","34432","31333","35888","42159","103116","35688","31395","12908","24793","20435","9660","51031","18217","18373","29603","65976","25899","15713","24205","11338","56473","25254","20673","13211","19281","11230","16041","13771","22312","16349","22087","12792","12889","22925","48742"
"2025-06-16","67516","53451","36042","41062","32673","17411","30923","15515","69352","26608","33614","31829","36308","39375","109852","33221","33506","13740","25149","22265","10503","51296","19166","18552","34714","67760","25372","15883","24572","12517","56432","24445","21040","13123","19108","12286","15826","14090","22258","16682","21865","12204","12291","22581","43421"
"2025-06-23","72239","57015","36285","44922","33429","17574","32678","16756","76053","26339","34347","33453","38604","45373","115751","33775","36316","14667","26181","23127","11099","55268","18295","19797","36594","71149","26562","17061","24736","14037","53736","24469","21292","14188","20032","12897","16142","14096","22126","17533","21974","13075","13064","22798","44635"
"2025-06-30","73046","55831","35961","46327","32979","17226","33128","17704","76820","27698","34178","35945","37447","46802","114065","34003","37626","15313","26661","23356","10864","56465","19639","20473","38049","69307","27598","17343","24890","13461","55224","25485","21531","14795","20624","12566","16300","14970","22665","17954","22015","13148","13231","22654","45686"
"2025-07-07","72846","55405","35476","46920","32188","17542","32894","17436","79510","28298","33859","36330","38742","49564","116665","34540","37990","15327","26474","23656","10893","56300","20789","20888","37377","71453","27598","17856","23110","14292","58405","25997","20664","15328","19194","12153","15992","14803","22737","18058","21643","13197","13286","22249","44811"
"2025-07-14","74829","58739","35486","47880","31906","16114","34568","17660","83121","27409","33703","39709","39933","51029","114546","33613","38623","15758","27701","24479","11974","58139","19852","21289","37707","71427","27793","17668","24145","15324","63099","25495","20806","14748","19094","12477","15785","14804","22915","17476","21211","13553","13626","22921","48738"
"2025-07-21","92998","58440","35587","53764","31422","15673","36143","17876","83647","26993","32618","40608","41195","52171","114065","35397","36389","15948","28152","24475","12243","59542","19284","22320","37466","72744","26926","17019","25069","16249","65269","26041","21336","14380","18772","12403","16949","14993","24236","17895","20866","14148","14222","23088","48695"
"2025-07-28","93883","56818","34937","52884","31194","14774","33871","18340","83753","26043","32090","39436","40860","53673","123472","33204","36047","17740","27961","23748","12496","59226","18090","22060","36795","75727","26465","16915","21321","16759","63407","25624","21559","13939","17919","12444","16508","14187","24598","16372","21246","13851","13920","22875","50705"
"2025-08-04","93405","55735","33426","52338","31476","16747","33098","17824","88082","25305","32517","40862","41714","63538","119953","27251","36644","17373","29481","25667","13620","62577","18105","21434","37768","74614","27306","17859","20603","16863","76843","20324","22706","14317","17029","12927","17417","16078","25643","16665","21881","14751","14809","23368","60976"
"2025-08-11","91934","52806","33649","51272","29916","17026","32640","18295","86997","25541","32143","39250","40628","62680","117110","30543","35668","17394","29275","25792","13572","62858","18582","20984","36251","71607","26116","17466","21840","17327","72820","21779","21890","12527","17166","12734","17265","16235","25199","17003","21681","14933","15016","22364","58663"
"2025-08-18","93097","52729","34469","51663","29614","16577","32557","18862","85811","26885","32157","38686","40428","60831","113033","30998","37794","17837","29315","24404","13979","60326","19746","22419","35327","68924","25977","17566","22924","16375","65245","21909","21196","12583","16871","12201","16740","15966","25390","17556","21380","15093","15148","22265","59064"
"2025-08-25","94974","53685","34329","52489","29750","16764","32396","19832","83975","28274","33043","38586","41743","62337","112231","31908","39031","18618","29181","22783","15557","61022","20648","21563","34483","68440","26028","17579","23496","15874","64410","21681","21229","12449","16998","10508","16478","16273","25730","17174","21041","15593","15648","21691","64000"
"2025-09-01","95370","54949","34367","52946","29906","18505","31928","22291","80523","28364","31978","37297","42354","65213","111573","31674","40516","21329","29607","23283","17507","68717","21294","21771","35370","67018","27016","18070","23982","14753","62931","21964","22001","12604","16754","10585","16781","16803","26017","16971","21490","17211","17233","21119","65558"
"2025-09-08","101767","57283","35567","53258","30442","22148","32787","23219","85729","28364","32771","39492","42727","63634","124451","32902","41703","22632","31813","23322","19096","73842","21288","22206","36037","71884","28775","20529","24208","15478","70460","21876","22654","12995","17495","11257","16708","16409","26678","17087","21589","17635","17688","20900","77828"
"2025-09-15","107711","58659","34912","53507","29914","22923","33306","26209","85175","29179","32387","40316","45677","68299","125389","32754","42693","24710","33223","24609","19765","70779","22089","24008","37768","73533","31186","22277","25676","15363","74965","21243","22400","14722","20161","12412","16641","17210","25792","17216","21216","18655","18704","20668","86867"
"2025-09-22","108609","59559","38024","54230","30736","22154","34751","25768","85908","31260","34310","40992","44743","65054","122979","31558","41382","24768","32864","24389","18830","68643","23856","23967","36337","73613","31768","22525","24958","15565","72984","21388","22582","15792","19313","13901","16351","17908","26330","16940","20430","18056","18113","21093","89577"
"2025-09-29","110452","58356","36899","55402","30886","26459","36099","29948","90454","30387","31968","43621","45049","66423","119875","36581","40858","30430","32762","26251","19188","69431","21788","25619","34020","80000","32880","25593","25552","16073","71134","22362","22343","16846","19653","14411","16437","18088","26005","17155","20418","17969","18060","20924","91302"
"2025-10-06","110190","56765","38174","56192","31370","25581","35794","25397","88304","28460","30020","42784","44214","70349","116831","36303","41193","26747","32623","28084","17525","66611","21464","25282","32658","81887","29334","23058","25720","20976","72109","22611","22293","16259","19804","14309","17092","17194","25350","16683","20744","17326","17403","19411","76209"
"2025-10-13","111790","58489","39296","58331","31276","28508","37186","26703","88333","29023","29283","41060","45526","65328","119496","34968","45233","29246","33682","27901","19301","71679","21430","27123","35242","85889","33033","24838","25639","22751","73222","23111","23582","17424","19443","14700","17913","17686","25213","16724","20885","18551","18598","19426","80143"
"2025-10-20","132549","61212","40079","63346","32372","30852","37793","27736","89798","30872","30288","42622","46091","70221","119567","35953","46791","29994","35872","29589","21003","72664","23234","26899","35764","86487","35306","26623","26776","24687","75886","23365","23240","17715","21155","14062","17640","18424","24139","17396","20791","19036","19090","19708","82910"
"2025-10-27","130378","63506","40563","57211","38146","31521","38496","30314","97623","30666","30341","43621","46862","71988","111751","37583","45510","34810","37352","30218","23610","75845","23032","29705","37187","83778","36080","27638","27162","25000","82396","23597","22148","18052","21784","15668","17472","18953","23437","16707","20330","20594","20652","18927","85227"
"2025-11-03","128985","63725","42595","54973","40726","33515","38143","33094","90710","30485","33890","43732","46607","61470","113353","40262","45597","37764","37285","27362","28126","71700","23855","28976","35978","79642","35621","27969","26181","22796","73132","22704","22457","17817","21656","15196","17334","18820","24094","18668","20582","20421","20496","19113","82901"
"2025-11-10","122819","62686","42100","52477","41066","34770","36796","30590","91684","31463","34095","40936","46236","59973","103674","44657","43668","36575","35850","24949","27193","70270","24689","28510","33985","75227","33858","26023","25313","24091","71521","24239","22433","17503","21565","14449","18235","19096","24519","18319","20587","20243","20297","19283","74579"
"2025-11-17","120724","60833","43297","49236","41888","29211","36869","28135","86240","29991","33591","37849","43599","53609","100053","46156","40247","32256","35277","22850","29939","69806","23560","28324","33114","75136","32748","25038","22557","19891","63646","23663","23054","17348","19684","12945","18471","19032","24923","18968","20052","21946","21958","19188","69572"
"2025-11-24","131912","63087","44052","52072","42444","33312","39846","32779","85334","30480","34530","40310","45269","59658","106148","46843","43027","37850","37770","24872","38088","82684","24010","29628","35473","80969","35087","27381","23448","21233","69236","24043","24190","19535","20426","14942","18355","19548","25238","19542","20378","23449","23458","19211","80166"
"2025-12-01","135225","58890","40427","52795","39758","33416","39482","33028","87942","29976","35600","39988","43068","58703","99211","44005","45430","39138","37357","25909","38820","80074","23654","31038","37047","79960","36250","27855","24522","21276","74706","25255","25197","20754","20541","16532","17681","19543","24541","18759","19956","23529","23603","19286","92530"
"2025-12-08","130698","61150","40686","52798","39628","33968","37551","34077","84380","29228","36082","39771","45476","56955","100950","44754","50081","40865","34644","24244","37993","73855","22861","30767","37436","78218","35637","28175","23641","20574","75450","25065","25545","20074","20250","14112","17561","19508","23355","19152","19728","22651","22755","19367","89686"
"2025-12-15","127024","62747","41008","51762","40582","37459","36570","35110","87258","26482","35243","39839","46598","59858","96754","46668","46762","41963","36266","23580","43508","69839","22101","29652","38152","78978","37182","30237","23047","20833","79482","25295","25033","19857","19308","14055","18129","19185","22583","19886","19085","22495","22615","19371","96466"
"2025-12-22","130142","65131","41409","53089","41650","40117","37085","33908","91857","25754","36025","41017","47801","60187","95947","46942","46099","42070","36840","24106","45774","72254","22278","30001","39749","80102","38195","31255","23241","20985","77563","25667","24460","20282","19304","14431","18188","19166","22893","20233","19480","22961","23080","19740","95511"
"2025-12-29","135517","65282","41168","54068","41136","44432","37686","34065","91047","25982","36787","41680","48652","60991","98059","47056","46354","43497","37451","23837","45228","71329","22454","30793","40470","81389","38042","32482","22121","21813","68993","25070","24683","20822","18196","14941","17736","18998","22419","20094","19060","23081","23107","19093","82685"
"2026-01-05","136431","67305","40799","54713","40214","48611","36219","36016","89124","27717","34836","43689","48779","56101","98736","46324","44767","46454","37571","22498","41164","70785","25167","31782","38072","76116","41789","38327","23311","19831","72951","25720","25070","23324","18880","13909","17663","18182","23278","21041","20629","24063","24119","19944","86617"
"2026-01-12","151226","69346","42019","59151","42482","51099","40006","38648","89784","27632","36508","45480","49315","59270","98872","45228","47191","51333","41386","22481","37982","72168","24920","33288","42305","68380","46798","39134","23144","22629","70267","24472","26202","25324","18208","13448","18219","17913","23501","20894","21493","24168","24207","20182","76058"
"2026-01-19","151423","66263","41007","58772","41658","56297","40178","41002","90478","27593","37719","48097","44575","62241","95027","46356","46427","54781","40474","21530","39732","65671","25413","32245","40933","64236","45155","38253","22221","25347","69708","25972","25771","24966","18153","13410","19826","17388","24625","20498","21931","24017","24067","19928","70127"
"2026-01-26","154213","64163","41556","61017","42967","58442","40681","48299","92146","27720","39586","46423","46534","64707","93976","45174","45888","57988","38622","21345","45899","67980","24644","33827","39931","62373","42623","40977","21825","23107","60251","26055","26080","24961","17708","13191","20704","18190","24422","20215","20972","24754","24808","19766","63267"
"2026-02-02","166117","68813","47429","64710","45255","55598","43551","50861","89389","31938","41647","46243","48690","62766","88813","46090","46572","65485","36518","22578","64659","68312","27531","37369","43476","58093","43071","40547","19649","20346","55857","26500","28715","24976","15866","13418","22243","19497","23382","21366","22331","23645","23677","20228","54389"
"2026-02-09","180658","77154","46733","67797","44149","57988","44920","50467","88135","31979","44099","46342","47842","64638","101774","45298","46762","65253","39330","21914","65918","66722","27190","39839","42859","64096","43703","41341","20590","20236","54012","27251","29308","27485","17236","13139","22605","17931","23987","22690","22717","22390","22425","19977","52227"
"2026-02-16","197439","79587","47369","68811","44879","60314","47370","48704","91515","30957","45568","46125","52060","60621","101721","43971","47810","66166","40488","22806","78221","68257","27270","39095","45638","65520","44654","42989","18339","19536","55586","26443","26922","29070","15590","13284","22083","18547","23203","22307","21976","23068","23076","20657","55988"
"2026-02-23","193002","80953","49364","61346","45837","58088","48263","48317","85426","31185","46445","44135","51914","60945","103199","45820","45874","64818","39153","27620","82103","65569","27797","38225","44611","73307","45506","41053","18366","19542","56387","27548","28008","28831","14923","13654","21725","18519","23298","21910","22546","22832","22822","20771","58140"
"2026-03-02","172706","77129","45958","59752","43547","52162","46301","41796","85729","34814","46721","41352","49010","60667","94154","43135","43610","56834","35349","27321","65414","67812","30512","35038","40588","70902","40133","34987","20355","18783","64595","25322","27100","25148","17210","14971","20993","18048","23476","20760","22263","21863","21859","21028","67149"
"2026-03-09","184356","73003","47041","60101","43407","60027","47915","45458","86901","35585","47282","41035","45457","60977","94332","42906","46187","63100","35899","28280","72918","66104","31322","35712","42197","67060","42345","37246","20598","18877","62043","26024","27695","26449","17723","14685","21148","17534","22717","20120","22493","22138","22091","20064","61336"
"2026-03-16","183196","71295","44288","61372","41558","59572","47603","48718","83261","36584","46762","40589","43501","59904","86659","39492","44869","67923","33974","29408","82740","63714","32581","35037","42699","62664","44734","40082","20096","19652","61932","25173","26053","27651","16408","14693","20013","17385","21665","20501","21688","22044","21895","18521","59159"
"2026-03-23","184549","70274","43004","62046","41308","50320","47140","45027","80764","39633","49287","39802","42897","55134","92273","38253","47169","63807","33138","32046","82316","61697","34545","35784","43956","66998","43078","37107","18132","19716","58800","24013","26900","26111","14826","15858","19581","17441","22362","20359","21945","20092","20061","17113","50976"
"2026-03-30","191357","71748","44210","64028","42801","51590","48053","50866","85522","38032","48137","41996","42647","57832","89721","40750","49928","68356","34312","32523","96858","64543","33155","36907","45210","60627","45276","38341","20128","21230","61019","24325","27535","26986","16012","17902","20378","17940","22687","21282","22639","21661","21578","18005","51668"
"2026-04-06","215074","77912","43276","67933","43095","59246","50172","59605","90941","35025","47881","44148","46771","67268","91828","40919","55861","79586","37730","33163","105107","76239","32440","40686","50421","63667","51856","46278","19206","23918","52635","24190","27750","30937","15205","21476","20273","18260","23082","22703","22271","23234","23136","18066","52338"
"2026-04-13","222856","78844","43315","68240","42789","64103","51588","64892","97233","33620","46386","50657","46131","74974","97009","40378","59566","86328","40493","36660","104729","83418","30379","40892","54157","65824","53473","46970","20701","27173","60169","24464","27910","30740","17008","23348","20076","18944","23255","24231","22303","25024","24871","18504","63814"
"2026-04-20","233070","74758","41401","73645","39962","69970","53556","69453","100410","35264","47408","47502","43169","80762","97537","38502","66539","93623","40131","40305","103273","86747","32036","42752","57517","69673","57758","47001","22019","33949","58812","23859","28439","32296","17978","27463","19020","19002","23111","23540","22554","25223","25085","18166","59948"
"2026-04-27","252096","73854","40697","76490","39040","76378","63616","86119","95675","38727","50085","49882","43458","78840","92154","41959","66750","100000","38145","39201","111272","86443","33533","45781","57655","68402","51527","45060","22332","35192","59215","23505","28807","30131","18279","27570","19202","19638","23990","22759","22566","28247","28082","17516","61514"
"2026-05-04","263620","83429","36801","78026","36723","105199","63855","92719","103751","38526","48871","52337","45072","64720","87668","41311","103489","111235","34320","48581","105869","88232","32744","46182","59790","67473","55793","51612","25637","44430","56638","23833","28551","33721","21173","28436","19155","20562","23069","22644","22501","29353","29096","17244","62657"
"2026-05-11","269071","80281","38025","77304","39032","102079","65997","94239","108630","40124","53573","53937","42703","64812","82896","43770","100351","111703","33508","45136","113705","87245","34059","45711","57209","59378","53857","49975","29948","41396","55072","24228","28774","33812","23833","29565","18900","21047","21960","22643","23397","29059","28823","17382","66997"
"2026-05-18","246861","79109","38300","71868","40128","105790","62007","96284","103814","40065","54511","50434","45935","70317","92742","46387","96428","112227","35400","55059","110917","84978","33545","45278","61338","65349","56366","53596","32137","45633","56260","24093","26327","33467","26616","32815","19597","21649","22767","23668","22935","28048","27801","17859","64413"
"2026-05-25","246855","79633","37118","69998","39352","136780","61004","104229","101793","39139","50240","53918","49108","72801","95092","48129","109756","123102","39877","78508","100148","91673","33255","45071","61374","63944","57361","55848","34740","50376","64340","24815","25337","34853","29326","34264","19608","21876","21560","24082","21331","27855","27585","17687","81986"
"2026-06-01","248979","77675","38779","69204","41134","121709","59579","100399","98881","41222","52017","52325","49752","70427","88285","49280","110586","118586","37209","73561","101167","79148","34749","46533","59468","56629","57585","53232","33551","45523","55705","24776","26023","35082","26919","44036","18839","21545","22417","25166","21678","26990","26803","18574","74512"
"2026-06-08","253526","81613","39199","69679","44761","138274","60662","110300","98925","41469","53693","56299","50859","74522","87846","49349","108977","130453","41228","73781","107949","78397","35136","46857","64785","56391","75978","64383","34485","49934","52606","24670","26495","43929","27392","46749","18318","20409","22588","25809","21911","26342","26246","18205","66431"
"2026-06-15","265651","85618","37528","70825","44345","159739","60191","126789","101577","38217","50932","59516","54247","77457","97181","47849","107448","172931","43951","76380","99567","84405","32097","50729","62606","60902","77476","68285","35491","52452","52803","25042","25650","47790","27475","51910","18051","20891","21551","25402","21222","26953","26928","17644","62812"
"2026-06-22","250369","82908","38172","67567","47574","159506","58959","106611","92821","39972","53695","55685","55970","71947","97027","52621","106786","135904","43887","74513","95699","74899","35231","51329","60370","58671","74216","66539","37516","50911","46416","27244","25324","48543","28126","44588","18652","19893","22223","24191","21246","24709","24526","17753","63798"
"2026-06-29","235120","83383","39311","65582","47778","137422","57282","97164","93930","41905","50991","56621","57263","73038","89644","52873","99623","124908","44120","73548","85313","73961","36371","49582","57458","53167","70309","61680","42925","50544","53144","29279","24482","46700","31128","40998","19147","21635","22397","23912","21227","26359","26101","18731","70481"
"2026-07-06","237117","83518","40294","66185","47151","137949","56446","107847","101707","44641","53841","58332","54495","85350","94279","51770","98852","135009","42638","81130","93945","82070","38127","49010","55604","55862","69106","61491","40194","54455","52113","26914","24933","46658","30037","39413","18937","22104","21412","24114","20437","26159","26017","18552","67796"
"2026-07-13","226041","84006","42065","63000","45695","119587","53872","93314","97777","49182","55724","56125","52911","76973","92249","51357","86805","110591","40531","73925","85840","76091","42061","45298","50675","56087","63504","54991","44235","48390","54410","26928","25007","41018","32588","31536","19586","23396","21354","23481","20986","25396","25364","21114","56772"
"2026-07-20","234080","89195","42041","63059","45597","129730","53642","100899","99720","48653","55413","56875","53654","79429","96961","52094","86266","120458","40925","81602","89374","78367","41089","45733","52625","60967","62838","53571","39932","50947","50522","26469","23963","41528","29411","32464","18861","23345","21689","24007","20856","23417","23383","21265","52418"
"2026-07-27","233553","87037","42805","67510","45997","115936","57201","101425","96784","49791","53254","54551","54616","82333","87947","50039","82801","126261","43077","75609","83629","79877","42502","41929","53039","58389","54570","51431","40924","46476","50580","26454","24341","39315","30627","31349","18992","21655","22173","23904","21232","26082","26135","21133","52942"
"2026-08-03","228808","86920","43475","69158","47271","123619","57586","96287","107974","46916","50595","54451","56134","86131","83436","51645","88333","100644","45350","84637","104272","87773","40520","43338","57444","59976","59134","54649","44874","47180","70699","27506","24484","41752","34408","36557","19430","21965","23211","22691","21141","25948","25902","20970","46376"
"2026-08-04","228808","86920","43475","69158","47271","123619","57586","96287","107974","46916","50595","54451","56134","86131","83436","51645","88333","100644","45350","84637","104272","87773","40520","43338","57444","59976","59134","54649","44874","47180","70699","27506","24484","41752","34408","36557","19430","21965","23211","22691","21141","25948","25902","20970","46376"
"2026-08-10","239544","89171","43446","70800","47025","136873","58779","115323","108553","55919","54321","57074","55876","90765","87911","51403","91835","117909","44796","91545","108485","80638","46410","44078","61128","62778","60808","58336","47391","50209","71533","28043","25232","39277","34814","37108","20181","21446","22595","22871","21437","25333","25175","20605","42182"
"2026-08-17","223550","83774","42941","65748","45893","136185","54799","100699","103519","56753","58913","58196","52841","86122","80837","54680","80399","106470","42088","82456","101524","75603","47387","42603","52729","60640","54919","55114","44135","46193","73958","30388","22700","38126","30802","39619","21313","21686","22114","22850","21139","25254","25044","21046","40889"
"2026-08-24","205068","81668","44665","62663","46901","131407","51659","98301","104884","58029","56691","59417","51963","89194","81359","51161","80435","106473","42284","85098","104838","75673","47862","41180","50749","61500","52397","52990","45827","45445","76568","30035","22566","35752","35046","36206","21249","22411","21962","22509","21089","25383","25126","21086","42493"
"2026-08-31","217437","79948","45395","63847","49426","143202","53519","100614","111060","61186","57130","57421","51135","88464","88605","50061","79715","108329","44380","97762","103228","73438","50356","41884","52285","66436","55400","53999","41100","46615","71652","30281","23453","35213","34196","37364","22025","22430","21811","21575","20426","24788","24572","20703","42867"
"2026-09-07","228304","70802","44071","66090","46905","137380","55762","98350","105241","62292","57170","56646","49093","91116","88059","48595","84279","103629","44991","105810","108590","74277","53032","42123","53549","63278","53919","52344","40778","50379","68734","28580","23455","35351","33175","39462","20963","23293","21297","21459","20181","24791","24582","20810","43322"
"2026-09-14","222977","70820","43728","63502","45067","143091","54574","101740","107159","66849","57552","56224","47669","91025","83484","50217","78987","102280","41576","105954","109044","73378","56137","41630","50433","56602","52830","50570","44839","54643","73013","28186","23363","34428","38135","40824","21895","23563","21022","21730","19970","25599","25238","20411","41196"
"2026-09-21","223995","71687","43328","64528","44035","152455","55638","108616","108509","61913","54725","55325","49613","94294","82172","51547","83478","105861","45082","104990","110302","72394","52592","42278","53323","58504","56092","55326","46216","61555","77957","29176","23637","37559","40459","43781","22014","23910","21372","22570","20582","25188","24994","20645","41555"
"2026-09-25","223995","71687","43328","64528","44035","152455","55638","108616","108509","61913","54725","55325","49613","94294","82172","51547","83478","105861","45082","104990","110302","72394","52592","42278","53323","58504","56092","55326","46216","61555","77957","29176","23637","37559","40459","43780","22014","23910","21371","22570","20582","25188","24994","20645","41555"
